Iteration,Drug,Activity
0,['Cc1noc(Cn2c(=O)[nH]c3c(C(=O)N4CCOCC4)cccc32)n1'],1.6228845119476318
1,['CCONC(=O)c1ccccc1C[NH3+]'],1.479023814201355
2,['CC(=O)Nc1cc(O)cc(C(=O)N2CCC3[NH2+]C(C2)CC3([NH3+])C2CCCOC2)c1'],1.5541847944259644
3,['CC[NH+](C)C1CCc2c(CNC(=O)C3C=COCC3)cccc2C1'],1.6267093420028687
4,['CC(=O)Nc1cccc(CC(=O)N2CC3CCC(CC2[NH3+])[NH2+]3)c1'],5.158796787261963
5,['CC1CC1NC(=O)Cc1cccc(N2CCC2)c1'],1.5411604642868042
6,['CC1CC(NC(=O)C(C)c2cccc3ccccc23)CC[NH2+]1'],4.735367298126221
7,['Cc1noc(Cn2c(=O)[nH]c3ccc(C(=O)N4CCOCC4)cc32)n1'],1.56647527217865
8,['CC1CCCCCCN1C(C)C(=O)NCc1cccc2c1OCO2'],1.4687467813491821
9,['CCONC(=O)c1ccc(C(=O)NC23CC[NH+](CC2)CC3)cc1'],2.535876512527466
10,['Cc1occc1NC(=O)CC1(N)CCCC1'],1.7072159051895142
11,['CC[NH+](C)Cc1ccc(NC(=O)C2CCCSC2)cc1'],1.6451752185821533
12,['Cc1noc(Cn2c(=O)[nH]c3c(C(=O)N4CCCC4)cccc32)n1'],1.438757061958313
13,['CCONC(=O)c1ccccc1Cn1c([N+](=O)[O-])nccc1=O'],1.638235330581665
14,['CC(=O)NCc1ccc2c(c1)OCC(C)(C[NH+](C)C)C2'],1.4437980651855469
15,['Cc1noc(Cn2c(=O)[nH]c3ccc(C(=O)NCC4CCOC4)cc32)n1'],1.411584496498108
16,['Cc1noc(Cn2c(=O)[nH]c3ccc(C(=O)NC4CC4)cc32)n1'],1.5512574911117554
17,['CCONC(=O)c1ccc(NC(C)c2cscn2)cc1'],1.7284953594207764
18,['CC1CN(C(=O)Cc2nc3ccccc3s2)CCO1'],1.3778715133666992
19,['CC(=Cc1ccccn1)C(=O)NC1CC(C)CC[NH2+]1'],1.3970214128494263
20,['CC(=O)Nc1ccc(C)c(COn2cnnc2C2CCCO2)c1'],1.3946120738983154
21,['CCONC(=O)c1ccc(Cn2c([N+](=O)[O-])nccc2=O)cc1'],1.589460015296936
22,['CC1CC(NC(=O)C(C)c2ccc3ccccc3c2)CC[NH2+]1'],3.779888391494751
23,['CC12CCC(C1)C(C(=O)Nc1ccc(-c3nc(CS)no3)cc1)C2'],5.21892786026001
24,['Cc1noc(CN2C(=O)Cc3c(C(=O)N4CCSCC4)cccc32)n1'],1.516649603843689
25,['CC(=O)NCc1ccc2c(c1)OC(C)(C(=O)N1CCCCCCC1)O2'],1.5698773860931396
26,['Cc1cc(NC(=O)CC2Cc3ccccc3CN2)c(C)o1'],1.5625004768371582
27,['Cc1noc(-c2ccc(N3CC(C(=O)[O-])NC3=O)cc2)n1'],1.8036651611328125
28,['CON=C(N)CC(=O)N1CCOCC1C'],2.437049150466919
29,['CC1CC1NC(=O)Cc1nc2ccccc2s1'],1.5174767971038818
30,['Cc1noc(CN2CC(c3ccc(C(=O)N4CCOCC4)cc3)NC2=O)n1'],1.5147814750671387
31,['CCONC(=O)c1ccc(Cn2cc[nH+]c2)cc1'],1.830897331237793
32,['CCONC(=O)c1ccccc1Cn1c([N+](=O)[O-])nccc1=O'],1.638235330581665
33,['CC1CC(NC(=O)C(C)c2ccsc2)CC[NH2+]1'],1.4287430047988892
34,['Cc1occc1CNC(=O)C1CCCCN1S(=O)(=O)c1ccccc1'],1.7511770725250244
35,['CCC(=O)NCc1cccc2c1CCC(C)([N+](=O)[O-])C2'],1.4517070055007935
36,['Cc1noc(-c2ccc(NC(=O)C3CC4CC(C)C3C4)cc2)n1'],14.492932319641113
37,['CC(=O)Nc1cccc(CC(=O)OC2CCSC([NH3+])C2)c1'],1.3879897594451904
38,['CC(=O)Nc1ccc(C[NH+]2CC(C)(C)C2)cc1'],1.5059183835983276
39,['CCC(=O)Nc1cccc(C2COC(C)(c3ncon3)O2)c1'],1.4495798349380493
40,['CON=C(N)CC(=O)N1CCOCC1C'],2.437049150466919
41,['CC(CNC(=O)C1CC1C)Oc1ccccc1'],1.6585644483566284
42,['CC1CN(C(=O)CC2(NC3CSC=N3)CCC2)c2ccccc2O1'],1.6651135683059692
43,['CC12CCC=CC1(C(=O)NCc1ccc3nc(C4CC4)oc3c1)C2'],1.7281912565231323
44,['Cc1cccc(NC(=O)C2NC(=O)CN2Cc2nc(C)no2)c1'],1.504526138305664
45,['Cc1noc(CN2Cc3c(C(=O)NO)cccc3C2=O)n1'],1.4930344820022583
46,['CC(CC(=O)N1CCOC(C)C1)=Nc1ccc(F)cc1'],1.470706820487976
47,['CC12CCC(C1)C(C(=O)Nc1cccc(-c3nc(-c4nncs4)no3)c1)C2'],3.0151517391204834
48,['Cc1noc(CN2CC(C)(c3ccccc3)CC2=O)n1'],1.4256019592285156
49,['CC1COC2(CCOCC2)CN1C(=O)C=Nc1ccc(C(N)=O)cc1'],1.9457827806472778
50,['Cc1occc1NC(=O)CC1(C)Cc2ccccc2C1'],1.9249334335327148
51,['CC(CNC(=O)C1CC1C)Oc1ccccc1'],1.6585644483566284
52,['Cc1noc(-c2ccc(NC(=O)C3NC(=O)C(C4CC4)N3)cc2)n1'],1.8737376928329468
53,['CCONC(=O)c1ccc(Cn2cnc([NH3+])cc2=O)cc1'],1.5453022718429565
54,['CC(=O)Nc1ccc(C[NH+]2CCCCC(C)(CO)C2)cc1'],1.5015788078308105
55,['Cc1noc(Cn2c(=O)[nH]c3c(C(=O)NCC4CCCO4)cccc32)n1'],1.4167542457580566
56,['Cc1noc(CN2CC(=O)N(C(C)c3ccc(O)cc3)C2)n1'],1.4753268957138062
57,['Cc1noc(-c2ccc(N3CC(C(=O)NC4CC4)NC3=O)cc2)n1'],1.588365912437439
58,['CC(=O)Nc1cccc(CC(=O)N2CCCC([NH+](C)C)C2)c1'],1.4866880178451538
59,['CC(C)c1noc(CNC(=O)c2ccc3c(c2)OCO3)n1'],1.3633159399032593
60,['CC1CC(NC(=O)C(C)c2cccc3ccccc23)CC[NH2+]1'],4.735367298126221
61,['CC1CC[NH2+]C(NC(=O)C2CCCC(CNS(C)(=O)=O)C2)C1'],1.6055192947387695
62,['CCONC(=O)c1ccccc1Cn1cnc([N+](=O)[O-])cc1=O'],1.6000396013259888
63,['CCOC(=O)c1ccn(CC2Cc3ccccc3C2)n1'],1.7061601877212524
64,['CCOC(=O)c1cn(CC(=O)N=C2Cc3ccccc3C2)nc1C'],1.4925183057785034
65,['CCONC(=O)c1ccc(Cn2cnc([N+](=O)[O-])cc2=O)cc1'],1.6215699911117554
66,['CC1CC1(C)C(=O)NCc1ccc2c(c1)OCO2'],1.4888100624084473
67,['Cc1noc(Cn2c(=O)[nH]c3ccc(C(=O)NC4CC4)cc32)n1'],1.5512574911117554
68,['Cc1noc(CN2C(=O)Cc3c(C(=O)NO)cccc32)n1'],1.5120084285736084
69,['CC1CC(NC(=O)C2CCCC(CN)C2)CC[NH2+]1'],1.5501195192337036
70,['Cc1noc(CN2CC(=O)N(C(C)c3ccc(C=O)cc3)C2)n1'],1.426953911781311
71,['CC(=O)NCc1ccc(C(=O)N2CCC(S(C)(=O)=O)C2)cc1'],1.467178463935852
72,['CCONC(=O)c1ccc(Cn2cccc2)cc1'],1.6089671850204468
73,['CC(=O)NCc1ccc(C(=O)N2CCC3[NH2+]C(CC3[NH3+])C2)cc1'],13.924731254577637
74,['Cc1noc(-c2ccc(NC(=O)C3CC4CCC3C4)cc2)n1'],13.601202964782715
75,['Cc1cocc1NC(=O)CC(C)N1CCc2ccccc2C1'],1.7044053077697754
76,['CC1CC1C(=O)NC(CO)c1ccccc1'],1.6630444526672363
77,['CC(c1noc(CN2Cc3ccccc3C2=O)n1)C1CCc2ccccc21'],1.6214598417282104
78,['CC1CC(NC(=O)C(C)c2ccc3ccccc3c2)CC[NH2+]1'],3.779888391494751
79,['Cc1noc(Cn2c(=O)[nH]c3ccc(C(=O)NC4CC4)cc32)n1'],1.5512574911117554
80,['Cc1noc(Cn2c(=O)[nH]c3ccc(C(=O)NCC4CCCO4)cc32)n1'],1.4234402179718018
81,['CC1CC1C(=O)NCc1cccc2occc12'],1.574889063835144
82,['CCN1CC(CC)(C(=O)NC2CCc3ccccc3C2)CC1=O'],1.6914018392562866
83,['Cc1noc(CN2Cc3cccc(C(=O)NO)c3C2)n1'],1.4940192699432373
84,['CCONC(=O)c1csc(CNC(C)=O)n1'],1.598342776298523
85,['Cc1nc(Cn2c(=O)[nH]c3ccc(C(=O)NC4CC4)cc32)no1'],1.5424374341964722
86,['CC(=O)NCc1ccc2c(c1)OC(C)(C(=O)N1CCCCCCC1)O2'],1.5698773860931396
87,['CC(C1CCCCC1)[NH+]1CCCCC1CNC(=O)c1ccccc1F'],1.6840025186538696
88,['CC(=O)NCc1ccc(C(=O)N2CCC3(CCCCC3)C2)cc1'],1.6690444946289062
89,['CCN(C)C(=O)c1cccc2c1[nH]c(=O)n2Cc1nc(C)no1'],1.5605987310409546
90,['CC1CCCCC[NH+]1C(C)C(=O)NCc1cccc2c1OCO2'],1.4892226457595825
91,['CCONC(=O)c1ccc(C[n+]2cc[nH]c2)cc1'],1.823087215423584
92,['CC1COCCN1C(=O)Cc1nc2c(NS(C)(=O)=O)cccc2s1'],1.566343903541565
93,['CC1CC(NC(=O)C2CCCC(C(N)=O)C2)CC([NH3+])[NH2+]1'],1.5347540378570557
94,['CC1CN(C(=O)C=Nc2ccc(C(N)=O)cc2)C(C)CO1'],1.5449681282043457
95,['Cc1ccc(CNC(=O)C2CCCCN2S(C)(=O)=O)o1'],1.4975401163101196
96,['Cc1ncc2cn[nH]c2c1C(=O)NCc1cccc2c1OCO2'],1.432414174079895
97,['CC(O)C1CN(Cc2nc(-c3ccc(I)cc3)no2)C(=O)N1'],1.5299243927001953
98,['CC[NH+](CC)C12CC3CC(CC(C(=O)NCC(=O)OC)(C3)C1)C2'],1.6629644632339478
99,['CC1CC1C(=O)NCC1(C)C[NH2+]c2ccccc2C1'],1.5742393732070923
100,['Cc1occc1NC(=O)CC1(C)CCCC1'],1.7045451402664185
101,['Cc1noc(CN2Cc3ccccc3C2(C)C2CCCC(=O)C2)n1'],2.8563475608825684
102,['Cc1cc(NC(=O)CC(=O)N2CCc3ccccc3C2)c(C)o1'],1.5171222686767578
103,['CC(=O)Nc1ccc(C[NH+]2CCCN(S(=O)(=O)C(C)C)CC2)cc1'],1.6046123504638672
104,['Cc1noc(Cn2c(=O)[nH]c3c(C(=O)NC4CC4)cccc32)n1'],1.548846960067749
105,['CC(=O)NCC1C[NH2+]C2CCC(C)(C#N)CC2C1'],1.4441237449645996
106,['Cc1noc(Cn2c(=O)[nH]c3ccc(C(=O)NC4CC4)cc32)n1'],1.5512574911117554
107,['COC(=O)C1CN(c2cccc(-c3nc(C)no3)c2)C(=O)N1'],1.5757321119308472
108,['Cc1noc(CN2Cc3cccc(C(=O)N4CCC5[NH2+]C(CC5[NH3+])C4)c3C2)n1'],1.75389564037323
109,['Cc1noc(Cn2c(=O)[nH]c3c(C(=O)NCC4CCOC4)cccc32)n1'],1.409847378730774
110,['Cc1noc(Cn2c(=O)[nH]c3ccc(C(=O)N4CCOCC4)cc32)n1'],1.56647527217865
111,['CCONC(=O)c1csc(CNC(=O)OC)n1'],1.5482600927352905
112,['CC(=O)Nc1ccc(CC(=O)N2CCC3(CCCCC3)C2)cc1'],1.6201355457305908
113,['CCONC(=O)c1ccc(Cn2cnc([N+](=O)[O-])cc2=O)cc1'],1.6215699911117554
114,['Cc1noc(Cn2c(=O)[nH]c3ccc(C(=O)N4CCCC4)cc32)n1'],1.4263538122177124
115,['Cc1noc(-c2cccc(NC(=O)C3NC(=O)CN3CC3CC3)c2)n1'],1.7948845624923706
116,['Cc1occc1CNC(=O)C1CNCc2ccccc21'],1.4496711492538452
117,['CC1C[NH2+]CC(NC(=O)C(C#N)c2ccc(N)cc2)C1'],1.4566357135772705
118,['C[NH2+]C(=O)c1cccc2c1OC(C)N2CC(=O)NN1CCOCC1'],18.773984909057617
119,['Cc1cocc1NC(=O)CC(C)N1CCc2ccccc2C1'],1.7044053077697754
120,['CCONC(=O)c1ccccc1Cn1cnccc1=O'],1.5678467750549316
121,['CC(=O)NCc1ccc(S(=O)(=O)N2CCC(C)([NH3+])CC2)cc1'],1.5643600225448608
122,['CC1CC2CC(C(=O)Nc3ccc(-c4nc(CS)no4)cc3)C1C2'],4.82401704788208
123,['CC(=O)Nc1ccc(CC(=O)N2CCC[NH+](C3(C)CCCCC3)CC2)cc1'],1.6287665367126465
124,['CC1CN(C(=O)Cc2nc3cc(N4CCSC4)ccc3s2)CC(C)(C)O1'],1.4343034029006958
125,['CNC(=O)c1ccc(C2CN(Cc3nc(C)no3)C(=O)N2)cc1'],1.5375083684921265
126,['Cc1sccc1CNC(=O)C1([NH3+])CCC(C)[NH2+]C1'],1.5611810684204102
127,['CCC(C(=O)NC1CC[NH2+]C(C)C1)N1CSc2ccccc21'],1.4751404523849487
128,['CCONC(=O)c1csc(C[NH+]2CCCCC2)n1'],1.4216214418411255
129,['Cc1noc(Cn2c(=O)[nH]c3c(C(=O)N4CCCC4)cccc32)n1'],1.438757061958313
130,['CC(C(=O)NCc1cccc2c1OCO2)N1CCCC(=O)CCC1'],1.4793342351913452
131,['CC1CC([NH3+])(C(=O)NC(C)c2cccc3ccccc23)CC[NH2+]1'],1.486735224723816
132,['Cc1noc(CN2CC(c3ccc(C(=O)N4CCCC4)cc3)NC2=O)n1'],1.6115564107894897
133,['CC(=O)Nc1cccc(C[NH+](C)C2CCC(=O)NC2)c1'],1.4128714799880981
134,['Cc1occc1CNC(=O)C1(C)Cc2ccccc2C1'],1.7126115560531616
135,['Cc1noc(-c2ccc(N3CC(=O)NC3C(=O)NC3CC3)cc2)n1'],1.6601005792617798
136,['CC1CC1NC(=O)Cc1nc2cc(-n3cccn3)ccc2s1'],1.6577506065368652
137,['CC1CC1C(=O)NCC1(c2ccc(O)cc2)CCCOC1'],1.5468443632125854
138,['Cc1noc(-c2ccc(NC(=O)C3CN(C)C(=O)N3)cc2)n1'],1.4701884984970093
139,['CCONC(=O)c1csc(NCc2cccc3occc23)n1'],1.591077208518982
140,['CC(=O)NCc1ccc2c(c1)CC(C)([NH+](C)C)OC2'],1.4521092176437378
141,['Cc1noc(Cn2c(=O)[nH]c3c(C(=O)NCC4CCOC4)cccc32)n1'],1.409847378730774
142,['CC(=NCC(=O)N1CCOCC1C)c1cccc2c1COCCO2'],2.0148112773895264
143,['CCOC(=O)c1ccn(CC(=O)NC2CCc3ccccc3C2)n1'],1.49844229221344
144,['CC[NH+](C)C1CCc2cc(CNC(=O)C(C)=O)ccc2C1'],1.4999746084213257
145,['CCONC(=O)c1ccc(Cn2cccc2)cc1'],1.6089671850204468
146,['CC(C(=O)NC1CC1C)c1cnc2ccccc2n1'],1.493414044380188
147,['CC(=O)Nc1ccc(C[NH+]2CCCNC(C)(OC=O)C2)cc1'],1.5264278650283813
148,['Cc1noc(CN2CC(C)(c3ccc(NC=O)cc3)NC2=O)n1'],1.529525876045227
149,['CC(=O)Nc1ccc(C2OCC(C)(C(=O)N3CCCCCCC3)O2)cc1'],1.5747126340866089
150,['CCONC(=O)c1csc(NCc2ccccc2)n1'],1.5258194208145142
151,['Cc1noc(CN2Cc3c(C(=O)N4CCSCC4)cccc3C2=O)n1'],1.4871124029159546
152,['CC1CC(NC(=O)C(C)c2ccsc2NO)CC[NH2+]1'],1.4872997999191284
153,['Cc1noc(CN2CC(=O)N(c3ccc(C(=O)N4CCCC4)cc3)C2)n1'],1.5363081693649292
154,['Cc1noc(-c2ccc(NC(=O)C3CC4CC(C)C3C4)cc2)n1'],14.492932319641113
155,['CC(=O)NCc1ccc(C(=O)N2CCC[NH+](C(C)C)CC2)cc1'],1.6551097631454468
156,['Cc1noc(Cn2c(=O)[nH]c3ccc(C(N)=O)cc32)n1'],2.1049935817718506
157,['Cc1cscc1CNC(=O)C1([NH3+])CCCC(C)[NH2+]1'],1.5799793004989624
158,['CC1COCCN1C(=O)Cc1nc2cc(NC#N)ccc2s1'],1.3667333126068115
159,['Cc1noc(Cn2c(=O)[nH]c3ccc(C(=O)NC4CC4)cc32)n1'],1.5512574911117554
160,['Cc1noc(-c2cccc(NC(=O)C3CC4(C)CCC3C4)c2)n1'],15.395352363586426
161,['Cc1cc(NC(=O)CC2(N)Cc3ccccc3C2)c(C)o1'],1.8471628427505493
162,['CCNC(=O)C1CN(c2cccc(-c3nc(C)no3)c2)C(=O)N1'],1.4623385667800903
163,['CC(C(=O)NCc1ccc2c(c1)CCCC2)[NH+]1CCCNC(=O)C1'],1.543082356452942
164,['CC(=O)Nc1ccc(C2OCC(C)(c3ncon3)O2)cc1'],1.4179075956344604
165,['CC(CNC(=O)C1CC1C)Oc1cccc2c1COCCO2'],1.4592928886413574
166,['Cc1noc(-c2ccc(NC(=O)C3CCN(O)C3)cc2)n1'],1.5138484239578247
167,['Cc1noc(-c2cccc(NC(=O)C3CC4CC(C)C3C4)c2)n1'],15.176685333251953
168,['CC1CC1C(=O)NCc1ccc2nc(C3CC3)oc2c1'],1.504258155822754
169,['CC(=O)NCc1ccc2c(c1)OC(C)(C(=O)N1CCCCCCC1)O2'],1.5698773860931396
170,['CC(=O)NCc1ccccc1S(=O)(=O)N1CCC(C2CCCCC2)C1'],1.7044129371643066
171,['Cc1noc(CN2CC(=O)N(C(C)c3ccc(Br)cc3)C2)n1'],1.4485238790512085
172,['Cc1noc(CN2Cc3ccc(C(=O)N4CCSCC4)cc3C2=O)n1'],1.4807955026626587
173,['CCONC(=O)c1csc(NCC2(C)CCCO2)n1'],1.460333228111267
174,['CC(N=CC(=O)N1CCOCC1C)c1cccc2c1COCCO2'],3.614716053009033
175,['CC(=O)Nc1ccc(C[NH+]2CC(C)C2)cc1'],1.504365086555481
176,['CC1CC2CC(C(=O)Nc3ccc(-c4nc(CS)no4)cc3)C1C2'],4.82401704788208
177,['CC(=O)NCc1cccc2c1CCC(C)(N1CCCC1=O)C2'],1.5008097887039185
178,['CCONC(=O)C(CC)Nc1ccc(Br)cc1'],1.671488642692566
179,['Cc1noc(Cn2c(=O)[nH]c3c(C(=O)N4CCOCC4)cccc32)n1'],1.6228845119476318
180,['CC(CNC(=O)C1CC1C)Oc1ccccc1'],1.6585644483566284
181,['CC(=NCC(=O)N1CCOC(C)C1)c1cccc2c1COCCO2'],1.9137412309646606
182,['CCONC(=O)Cc1ncsc1Nc1ccc([N+](=O)[O-])cc1'],1.5253583192825317
183,['CC1COCC(=O)N1C(=O)CC(N)=NOCc1ccccc1'],11.9440279006958
184,['Cc1noc(Cn2c(=O)[nH]c3ccc(C(=O)NCC4CCOC4)cc32)n1'],1.411584496498108
185,['Cc1noc(-c2ccc(NC(=O)C3CCCN3C3CCCC3)cc2)n1'],1.9701954126358032
186,['CC1CC(NC(=O)CC2(N)CCc3ccccc3C2)CC([NH3+])[NH2+]1'],1.7457438707351685
187,['CC1C[NH2+]CC([NH3+])(C(=O)NC(C)C2CC2)C1'],1.6040757894515991
188,['CC(=O)NCc1ccc(C(=O)N2CCC[NH+](C(C)c3ccccn3)CC2)cc1'],1.5713251829147339
189,['CC(C)c1noc(CN2Cc3ccccc3C2=O)n1'],1.4331592321395874
190,['Cc1noc(-c2ccc(NC(=O)C3CC4CC(C)C3C4)cc2)n1'],14.492932319641113
191,['NC(N)c1nc(C2CC2)no1'],1.869179129600525
192,['Cc1noc(-c2ccc(N3C(=O)CNC3C(=O)NC3CC3)cc2)n1'],1.7280651330947876
193,['CC1CC(NC(=O)C(Nc2cccc(F)c2)c2ccsc2)CC[NH2+]1'],1.7641340494155884
194,['CC(=O)NCc1cccc2c1OC(C)(c1noc(C=O)n1)O2'],1.4074808359146118
195,['CCONC(=O)C[n+]1c[nH]cc1-c1cccc(C)c1'],1.9923031330108643
196,['Cc1noc(-c2ccc(NC(=O)C3CN(CC4CC4)C(=O)N3)cc2)n1'],1.6515746116638184
197,['Cc1noc(Cn2c(=O)[nH]c3ccc(C(=O)N4CCCC4)cc32)n1'],1.4263538122177124
198,['CC(=O)Nc1ccc(C(=O)NOCC2CC[NH2+]C2)cc1'],1.572438359260559
199,['Cc1ccccc1-c1noc(CNC(=O)C2CC3(C)CCC2C3)n1'],2.193004846572876
200,['Cc1noc(-c2ccc(NC(=O)C3CC4(C)CCC3C4)cc2)n1'],15.07367992401123
201,['Cc1noc(Cn2c(=O)[nH]c3ccc(C(=O)NC4CC4)cc32)n1'],1.5512574911117554
202,['Cc1noc(-c2cccc(NC(=O)C3NCC(=O)N3)c2)n1'],1.410017728805542
203,['CCONC(=O)c1ccc(Cn2cnnc2)cc1'],1.48993718624115
204,['CC(=O)NCc1ccc(C(=O)N2CCC3CCC([NH3+])(C2)[NH2+]3)cc1'],15.36531925201416
205,['C[NH+](C)C1(C)CCc2cc(CNC(=O)C=O)ccc2C1'],1.469056248664856
206,['CC[NH+](C(C)N1C=CCC(C(=O)[O-])C1)C12CC3CC(CC(C3)C1)C2'],1.7233577966690063
207,['CC1COC(C)(C)CN1C(=O)Cc1nc2ccccc2s1'],1.5362547636032104
208,['CC1CC([NH3+])(C(=O)NC(C)c2ccc3ccccc3c2)CC[NH2+]1'],1.4842301607131958
209,['CC(=O)Nc1ccc(C[NH+]2CC(C(=O)N3CCOCC3)C2)cc1'],1.5137172937393188
210,['CCONC(=O)c1ccc(C(N)=O)cc1'],1.7046936750411987
211,['Cc1noc(CN2CCCC2C(=O)NO)n1'],1.4795626401901245
212,['CCONC(=O)c1csc(CNc2ccc(I)cc2)n1'],1.5798364877700806
213,['Nc1cc(=O)[nH]c(CONC(=O)c2ccc([N+](=O)[O-])cc2)n1'],1.8623319864273071
214,['CC1c2c(O)cccc2OC1NC(=O)Cc1nnc2ccccn12'],1.4209524393081665
215,['CC1CC(NC(=O)C2CCCC(C(N)=O)C2)CC[NH2+]1'],1.5556113719940186
216,['CC1CC[NH+](C(C)C(=O)NCc2cccc3c2OCO3)CC1'],1.504690170288086
217,['Cc1noc(CNC(=O)C23CCC(C(=O)[O-])(CC2)C3)n1'],1.506895899772644
218,['CC1CC(NC(=O)CC2(N)CCc3ccccc3C2)C[NH+](C)C1'],1.6509212255477905
219,['CC(=O)Nc1ccc(C[NH+]2CCCN(C(=O)c3ccoc3)CC2)cc1'],1.5958081483840942
220,['CC(=O)NCc1ccc(S(=O)(=O)N2CCC(C3CCCCC3)C2)cc1'],1.7352019548416138
221,['Cc1noc(CN2C(=O)Cc3c(C(N)=O)cccc32)n1'],1.4378597736358643
222,['Cc1noc(-c2ccc(NC(=O)C3CNC(=O)C3)cc2)n1'],1.4531453847885132
223,['Cc1noc(-c2ccc(N3CC(C(=O)NC4CC4)NC3=O)cc2)n1'],1.588365912437439
224,['CCONC(=O)c1ccc(-c2nc(CN)no2)cc1'],1.5221010446548462
225,['Cc1noc(-c2ccc(NC(=O)C3CC4CC(C)C3C4)cc2)n1'],14.492932319641113
226,['Cc1noc(-c2ccc(NC(=O)C3CC4CC(C)C3C4)cc2)n1'],14.492932319641113
227,['Cc1noc(-c2cccc(NC(=O)C3NC(=O)CN3C)c2)n1'],1.414905309677124
228,['CC(=O)NCc1ccc(C(=O)OC2CCCSC2)cc1'],1.4444681406021118
229,['Cc1noc(CN2CC(C)(c3ccc(OCC4CC4)cc3)NC2=O)n1'],1.704405426979065
230,['CCC(=O)Nc1ccc(C(=O)N2CCC3[NH2+]C(CC3[NH3+])C2)cc1'],13.67514705657959
231,['CC(=O)Nc1ccc(COC(C)C2CSC(=O)SC2)cc1'],1.5307077169418335
232,['CCC(=O)NCc1ccc2c(c1)CCC(C)([N+](=O)[O-])C2'],1.4662708044052124
233,['Cc1noc(CN2CC(C)(c3ccc(OC=O)cc3)NC2=O)n1'],1.4918392896652222
234,['CC(=O)Nc1ccc(CC(=O)N2CCC([NH+]3CCCCCC3)CC2)cc1'],1.4769920110702515
235,['CCONC(=O)c1ccc(Cn2cc[nH+]c2)cc1'],1.830897331237793
236,['Cc1cccc(NC(=O)C2CN(Cc3nc(C)no3)C(=O)N2)c1'],1.491599440574646
237,['Cc1cccc(=NC(CC(=O)N2CCOCC2C)c2ccccc2)[nH]1'],1.4956680536270142
238,['Cc1noc(CN2CC(c3ccc(Br)cc3)NC2=O)n1'],1.4945420026779175
239,['CC1CC(NC(=O)CC2(N)CCc3ccccc3C2)c2ccccc2[NH2+]1'],1.7388242483139038
240,['Cc1noc(CN2CC(C)(c3cccc4c3OCO4)NC2=O)n1'],1.4670754671096802
241,['CCONC(=O)c1ccc(Cn2cc[nH+]c2)cc1'],1.830897331237793
242,['Cc1noc(-c2cccc(NC(=O)C3CCS(=O)(=O)C3)c2)n1'],1.490088939666748
243,['Cc1cc(NC(=O)CC2(N)Cc3ccccc3C2)c(C)o1'],1.8471628427505493
244,['Cc1noc(-c2cccc(NC(=O)C3NC(=O)NC3CO)c2)n1'],1.4888485670089722
245,['CC(=O)Nc1ccc(C[NH+]2CC(C)(CO)C2)cc1'],1.4773446321487427
246,['Cc1noc(-c2ccc(NC(=O)C3CCC(C)C3)cc2)n1'],10.189936637878418
247,['CC(=O)Nc1ccc(C2COC(C)(C(=O)NCc3ccccn3)O2)cc1'],1.5444364547729492
248,['Cc1cocc1CNC(=O)C1(C)Cc2ccccc2C1'],1.7522053718566895
249,['CC1CC(NC(=O)C(C)c2ccc3ccccc3c2)CC[NH2+]1'],3.779888391494751
250,['CC1NC(C(=O)Nc2ccc(-c3nc(C4CC4)no3)cc2)NC1=O'],1.7741156816482544
251,['CCONC(=O)c1ncsc1NCc1ccc2ccoc2c1'],1.5807422399520874
252,['CCONC(=O)C(C)NCc1ccsc1'],1.5428893566131592
253,['Cc1noc(CN2Cc3c(C(=O)NO)cccc3C2=O)n1'],1.4930344820022583
254,['Cc1noc(Cn2c(=O)[nH]c3c(C(=O)N4CCCC4)cccc32)n1'],1.438757061958313
255,['CC1CC1NC(=O)Cc1nc2ccccc2s1'],1.5174767971038818
256,['CC12CCC(C(=O)Nc3cccc(-c4nc(CS)no4)c3)(CC1)C2'],7.722288131713867
257,['Cc1noc(CN2Cc3ccc(C(=O)N4CCC5CCC(C4)[NH2+]5)cc3C2=O)n1'],1.6705548763275146
258,['CCOC(=O)c1ccc(N2CCC[NH2+]CC2([NH3+])C(=O)N2CCOCC2)cc1'],1.504068374633789
259,['Cc1noc(CN2CC(C)(c3ccc(OCC4CC4)cc3)NC2=O)n1'],1.704405426979065
260,['CCC(=O)NCc1cccc2c1CCC(C)([N+](=O)[O-])C2'],1.4517070055007935
261,['CC(=O)NCC1CC[NH+](C(C)C2CCCC(=O)C2)CC1'],1.6127151250839233
262,['CCONC(=O)c1ccc(C[n+]2ccn(C(C)=O)c2)cc1'],1.5669916868209839
263,['Cc1noc(Cn2c(=O)[nH]c3ccc(C(=O)NCC4CCOC4)cc32)n1'],1.411584496498108
264,['Cc1noc(Cn2c(=O)[nH]c3c(C(=O)NC4CC4)cccc32)n1'],1.548846960067749
265,['CC(=NCC(=O)N1CCOC(C)C1)c1cccc2c1COCCO2'],1.9137412309646606
266,['Cc1noc(CN2Cc3c(C(=O)N4CCSCC4)cccc3C2=O)n1'],1.4871124029159546
267,['CC1Oc2ccc3ccccc3c2NC1=NC(=O)CC(N)=O'],1.7290395498275757
268,['COc1ccc(C2(C)CN(Cc3nc(C)no3)C(=O)N2)cc1'],1.5296181440353394
269,['CC(=O)NCc1cccc2c1OC(C)(C(=O)N1CCCCCCC1)O2'],1.5956560373306274
270,['CC1CCC(NC(=O)c2ncoc2-c2ccc(S(C)=O)cc2)C1'],1.733803391456604
271,['CC1CN(C(=O)Cc2nc3ccccc3s2)c2c(N)cccc2O1'],8.276153564453125
272,['CC1COCCN1C(=O)C1CSC(Nc2ccc(C#N)cc2)=N1'],1.3464884757995605
273,['CC(=O)c1ccc(N=CC(=O)N2C(C)COCC2C)cc1'],1.4206360578536987
274,['CC(=O)NCc1cccc2c1OC(C)(C(=O)N1CCSCC1)O2'],1.5320087671279907
275,['CC1CC(NC(=O)CC2(C)CCc3ccccc3C2)CC[NH2+]1'],1.6830041408538818
276,['Cc1noc(Cn2c(=O)[nH]c3ccc(C(=O)N4CCOCC4)cc32)n1'],1.56647527217865
277,['CC(=O)Nc1cccc(C2OCC(C)(C(=O)N3CCCCCCC3)O2)c1'],1.6228370666503906
278,['Cc1noc(-c2ccc(NC(=O)C3CC4CCC3C4)cc2)n1'],13.601202964782715
279,['Cc1cocc1CNC(=O)C1(C)Cc2ccccc2C1'],1.7522053718566895
280,['CC(=O)NCc1ccc(S(=O)(=O)N2CCC(c3ncon3)C2)cc1'],1.5548030138015747
281,['CCC(=O)N1CCOC1c1ccc([NH+](CC)CC)cc1'],1.4779499769210815
282,['Cc1noc(CN2Cc3c(C(=O)NO)cccc3C2=O)n1'],1.4930344820022583
283,['Cc1noc(Cn2c(=O)[nH]c3ccc(C(=O)NC4CC4)cc32)n1'],1.5512574911117554
284,['Cc1noc(Cn2c(=O)[nH]c3c(C(=O)NC4CC4)cccc32)n1'],1.548846960067749
285,['CC(=O)Nc1ccc(CC(=O)N2CCC3(CCCCC3)C2)cc1'],1.6201355457305908
286,['Cc1noc(CN2CC(=O)N(C(C)c3cccc4c3OCO4)C2)n1'],1.4018582105636597
287,['CC(NC(=O)C[NH+]1CCCCC1C)C1CCc2ccccc2C1'],1.748124599456787
288,['CC(=O)NCc1cccc2c1CCC(C)([N+](=O)[O-])C2'],1.4486039876937866
289,['CC1C[NH2+]CC(NC(=O)C2CCCC(C(N)=O)C2)C1'],1.5470329523086548
290,['CC1NC(C(=O)Nc2ccc(-c3nc(C4CCC4)no3)cc2)NC1=O'],1.7429038286209106
291,['Cc1noc(CN2CC(C)(c3ccc(N4CCCC4)cc3)NC2=O)n1'],1.7526963949203491
292,['CC(=O)NCc1ccc2c(c1)OC(C)(C(=O)N1CCCCCCC1)O2'],1.5698773860931396
293,['Cc1noc(Cn2c(=O)[nH]c3ccc(C(=O)NC4CC4)cc32)n1'],1.5512574911117554
294,['CC1CC1C(=O)NCC1(C)C[NH2+]c2ccccc2C1'],1.5742393732070923
295,['Cc1noc(CN2Cc3cccc(C(=O)NO)c3C2)n1'],1.4940192699432373
296,['CC1CC(NC(=O)C(C)c2ccc3ccccc3c2)CC[NH2+]1'],3.779888391494751
297,['Cc1noc(-c2ccc(NC(=O)C3NC(=O)C(C)N3)cc2)n1'],1.5140104293823242
298,['CC(C(=O)NCc1ccc2c(c1)OCO2)N1CCC([NH3+])CC1'],1.4022550582885742
299,['Cc1noc(Cn2c(=O)[nH]c3c(C(=O)NC4CC4)cccc32)n1'],1.548846960067749
300,['Cc1cocc1NC(=O)CC1(C)Cc2ccccc2C1'],1.8316504955291748
301,['Cc1noc(-c2cccc(NC(=O)C3NCC(=O)N3)c2)n1'],1.410017728805542
302,['Cc1noc(-c2ccc(NC(=O)C3CC4CC(C)C3C4)cc2)n1'],14.492932319641113
303,['CC1CC([NH3+])(C(=O)Nc2cccc(C#N)c2)CC[NH2+]1'],1.4371315240859985
304,['CC1NC(=O)C(C(=O)Nc2cccc(-c3nc(C4CC4)no3)c2)N1'],1.7984164953231812
305,['CC1CCC[NH+](C(C)C(=O)NCc2cccc3c2OCO3)CC1'],1.5203840732574463
306,['CC12CCC(C1)C(C(=O)NCc1nc(-c3ccccc3)no1)C2'],1.8475109338760376
307,['CC1COCC(C)N1C(=O)C=Nc1ccc(C(=O)N2CCSCC2)cc1'],1.5003774166107178
308,['Cc1cccc(NC(=O)C2CNC(=O)N2)c1-c1nc(C2CC2)no1'],1.6012893915176392
309,['Cc1noc(CN2CC(C)(C3CCCC3)c3ccccc32)n1'],10.88131046295166
310,['Cc1noc(-c2ccc(NC(=O)C3CN(CC4CC4)C(=O)N3)cc2)n1'],1.6515746116638184
311,['CCONC(=O)c1csc(NCc2ccc(I)cc2)n1'],1.5839052200317383
312,['CC(=O)Nc1ccc(C[NH+]2CCC2C(=O)N2CCOCC2)cc1'],1.4850080013275146
313,['CC1CCC(NC(=O)Cc2cscc2S(=O)(=O)N2CCCCC2)C[NH2+]1'],1.5169914960861206
314,['CC1CCC(NC(=O)C(C)c2csc3ccccc23)C[NH2+]1'],1.9046345949172974
315,['CC(N=CC(=O)N1CCOCC1C)C1C2CC3CC(C2)CC1C3'],1.547907829284668
316,['Cc1noc(Cn2c(=O)[nH]c3ccc(C(=O)NC4CC4)cc32)n1'],1.5512574911117554
317,['Cc1noc(CN2C(=O)CNC2c2ccc(C(=O)N3CCCC3)cc2)n1'],1.5520530939102173
318,['Cc1noc(Cn2c(=O)[nH]c3c(C(=O)NC4CC4)cccc32)n1'],1.548846960067749
319,['CC(=O)NCc1cccc2c1CCC(C)([NH+](C)CC1C=CNC1)C2'],1.6002426147460938
320,['Cc1noc(-c2cccc(N3CC(C(=O)[O-])NC3=O)c2)n1'],1.9005316495895386
321,['CC(=O)NCc1ccc(OC(C)c2nnnn2C2CCC2)cc1'],1.5075201988220215
322,['CC1CC([NH3+])(C(=O)NC2CCCC(c3ccccc3F)C2)CC[NH2+]1'],1.6645572185516357
323,['CC1CC1NC(=O)Cc1nc2ccccc2s1'],1.5174767971038818
324,['Cc1noc(CN2C(=O)Cc3c(C(=O)NO)cccc32)n1'],1.5120084285736084
325,['CC(=O)Nc1ccc(C(=O)N2CCCC(C[NH+](C)C)C2)cc1'],1.522969126701355
326,['Cc1noc(CN2CC(=O)N(c3ccc(C(=O)[O-])cc3)C2)n1'],1.9719499349594116
327,['CCONC(=O)c1ccc(Cn2cc[nH+]c2)cc1'],1.830897331237793
328,['Cc1noc(-c2ccc(NC(=O)C3NC(=O)CN3O)cc2)n1'],1.5430922508239746
329,['CCONC(=O)c1ccccc1Cn1cc[nH+]c1'],1.9276667833328247
330,['CC1CC2CC(C(=O)Nc3ccc(-c4nc(C5CC5)no4)cc3)C1C2'],9.860224723815918
331,['COC(=O)c1ccc2[nH]c(=O)n(Cc3nc(C)no3)c2c1'],2.0004379749298096
332,['Cc1noc(CN2Cc3c(C(N)=O)cccc3C2=O)n1'],1.4438849687576294
333,['Cc1noc(CN2CC(C)(c3ccc(C=O)cc3)NC2=O)n1'],1.4812546968460083
334,['CC(=NCC(=O)N1CCOCC1C)c1cccc2c1COCCO2'],2.0148112773895264
335,['Cc1nc(Cn2c(=O)[nH]c3ccc(C(=O)N4CCOCC4)cc32)no1'],1.621039867401123
336,['CC1CC(NC(=O)C2CCCC(C)(N)C2)CC[NH2+]1'],1.5662778615951538
337,['Cc1cccc(NC(=O)C2CNC(=O)N2)c1-c1nc(CO)no1'],1.4808019399642944
338,['CCOC(=O)c1ccn(-c2nc3c(Br)cccc3s2)n1'],1.542386531829834
339,['CC(=O)NCc1ccc(C(=O)N2CCCCC2[NH+](C)C)cc1'],1.546759009361267
340,['Cc1noc(Cn2c(=O)[nH]c3c(C(=O)NC4CC4)cccc32)n1'],1.548846960067749
341,['Cc1noc(CN2CC(=O)N(C(C)c3ccc4c(c3)COC4)C2)n1'],1.3933435678482056
342,['CCONC(=O)c1ccc(C[n+]2cc[nH]c2)cc1'],1.823087215423584
343,['CC1CCCC[NH+]1C(C)C(=O)NCc1ccc2c(c1)OCO2'],1.4208734035491943
344,['CC1COCC(C)N1C(=O)C=Nc1ccc(C(=O)N2CCCCC2)cc1'],1.64053475856781
345,['Cc1noc(Cn2c(=O)[nH]c3ccc(C(=O)NC4CC4)cc32)n1'],1.5512574911117554
346,['CC(=O)Nc1ccc(C(=O)NOCc2cscn2)cc1'],1.4797369241714478
347,['CC1CC1C(=O)NCc1ccc2cc(C(N)=O)oc2c1'],1.5921446084976196
348,['CCONC(=O)c1ccc(C[n+]2cc[nH]c2)cc1'],1.823087215423584
349,['Cc1noc(CN(C)C(=O)C2CC3CC(c4ccccc4)C2C3)n1'],2.030489206314087
350,['COC(=O)C1(C)CNCC[NH+](Cc2ccccc2NC(C)=O)C1'],1.4661253690719604
351,['Cc1noc(CN2Cc3ccc(C(=O)N4CCSCC4)cc3C2=O)n1'],1.4807955026626587
352,['CC1CC(NC(=O)CC2(N)CCc3ccccc3C2)CC[NH2+]1'],1.6068733930587769
353,['CC1CC1NC(=O)CC1([NH3+])Cc2ccccc2CO1'],1.5305771827697754
354,['Cc1noc(Cn2c(=O)[nH]c3c(C(=O)NC4CC4)cccc32)n1'],1.548846960067749
355,['Cc1noc(-c2ccc(NC(=O)C34CCC(CC3)C4)cc2)n1'],14.185015678405762
356,['CC1CC([NH3+])(C(=O)NC(C)c2csc3ccccc23)CC[NH2+]1'],1.5609999895095825
357,['CCONC(=O)c1csc(Nc2cccc(C)c2)n1'],1.6075019836425781
358,['Cc1occc1NC(=O)CC1(N)Cc2ccccc2C1'],1.72725510597229
359,['CCONC(=O)c1ccc(Cn2cnccc2=O)cc1'],1.5748099088668823
360,['CC1CCC(NC(=O)c2cc(CS(C)(=O)=O)[nH]n2)C1'],1.699101448059082
361,['Cc1noc(-c2ccc(NC(=O)C3NC(=O)CN3O)cc2)n1'],1.5430922508239746
362,['CC(=O)Nc1cccc(C2COC(C)(C(=O)n3ccnc3)O2)c1'],1.3797186613082886
363,['Cc1cc(NC(=O)CC(=O)N2CCc3ccccc3C2)c(C)o1'],1.5171222686767578
364,['CONC(=O)C1CCN(Cc2nc(-c3ccccc3C)no2)C1'],1.47903573513031
365,['Cc1noc(-c2cccc(NC(=O)C3CC4(C)CCC3C4)c2)n1'],15.395352363586426
366,['CC(=O)NCc1cccc2c1OC(C)(C(=O)N1CCCCCCC1)O2'],1.5956560373306274
367,['Cc1noc(Cn2c(=O)[nH]c3ccc(C(=O)NC4CC4)cc32)n1'],1.5512574911117554
368,['Cc1noc(-c2cccc(NC(=O)C3CC4(C)CCC3C4)c2)n1'],15.395352363586426
369,['Cc1noc(-c2ccc(NC(=O)C3NCC(=O)N3)cc2)n1'],1.440320372581482
370,['Cc1noc(Cn2c(=O)[nH]c3ccc(C(=O)NC(C)C)cc32)n1'],1.5461006164550781
371,['Cc1noc(Cn2c(=O)[nH]c3ccc(C(=O)N(C)C)cc32)n1'],1.7115901708602905
372,['CCOC(=O)c1ccn(CC(=O)NC2CCc3ccccc3C2)n1'],1.49844229221344
373,['Cc1noc(CN2C(=O)Cc3c(C(=O)NO)cccc32)n1'],1.5120084285736084
374,['Cc1noc(-c2ccc(N3C(=O)CNC3C(=O)NC3CC3)cc2)n1'],1.7280651330947876
375,['CCONC(=O)c1ccccc1Cn1cccc1'],1.5713502168655396
376,['Cc1noc(-c2cccc(NC(=O)C3NC(=O)C(C)N3)c2)n1'],1.4639791250228882
377,['CC1CC(NC(=O)C2CCCC(C(N)=O)C2)CC([NH3+])[NH2+]1'],1.5347540378570557
378,['Cc1noc(Cn2c(=O)[nH]c3ccc(C(=O)NCC4CCCO4)cc32)n1'],1.4234402179718018
379,['CC1CCC(NC(=O)C(C)c2ccc3ccccc3c2)C[NH2+]1'],3.8291637897491455
380,['CC1=CC(=NCC(=O)N2CCOCC2C)C[NH+]=C1'],1.3165030479431152
381,['Cc1noc(-c2ccc(N3CC(C(=O)NC4CC4)NC3=O)cc2)n1'],1.588365912437439
382,['CC(=O)c1ccc(N=CC(=O)N2CCOCC2C)cc1'],1.4469114542007446
383,['C=C(CC(=O)N1C(C)COCC1C)Nc1nc2ccccc2s1'],1.4818955659866333
384,['CCONC(=O)c1ccc(CN2C=NC=C([N+](=O)[O-])C2)cc1'],1.466883659362793
385,['CC1CC1C(=O)NCc1ccc2c(c1)OC(C)(C#N)C2'],1.5348657369613647
386,['CCONC(=O)c1ccc(Cn2cnc([N+](=O)[O-])cc2=O)cc1'],1.6215699911117554
387,['Cc1noc(CN2CC(=O)N(C(C)c3ccc(Br)cc3)C2)n1'],1.4485238790512085
388,['Cc1noc(-c2ccc(NC(=O)C3CC4CC(C)C3C4)cc2)n1'],14.492932319641113
389,['Cc1noc(Cn2c(=O)[nH]c3ccc(C(=O)NCC4CCOC4)cc32)n1'],1.411584496498108
390,['CC(=NCC(=O)N1CCOCC1C)C1C=Cc2ccccc2O1'],4.818449020385742
391,['CC[NH+](CC(=O)Nc1cnccc1C)C12CC3CC(CC(C3)C1)C2'],12.522818565368652
392,['Cc1noc(Cn2c(=O)[nH]c3ccc(C(=O)NCC4CCOC4)cc32)n1'],1.411584496498108
393,['CC(=O)Nc1cccc2sc(CC(=O)N3CCOCC3C)nc12'],8.418967247009277
394,['Cc1noc(-c2ccc(N3CC(C(=O)NO)NC3=O)cc2)n1'],1.4161297082901
395,['Cc1noc(-c2cccc(NC(=O)C3CCC(=O)N3O)c2)n1'],1.4805833101272583
396,['Cc1noc(CN2CC(c3ccc(O)cc3)NC2=O)n1'],1.650136113166809
397,['Cc1noc(Cn2c(=O)[nH]c3c(C(=O)NC4CC4)cccc32)n1'],1.548846960067749
398,['CC1CCC(NC(=O)C(C)c2cscc2NO)C[NH2+]1'],1.5256394147872925
399,['CCNC(=O)c1cccc2c1[nH]c(=O)n2Cc1nc(C)no1'],1.6744019985198975
400,['CC(=O)NCc1ccc(OC(C)C(=O)N2CCC[NH2+]CC2)cc1'],1.5233646631240845
401,['CC1COC2(CCCCC2)CN1C(=O)C=Nc1ccc(C(N)=O)cc1'],1.6859685182571411
402,['Cc1noc(Cn2c(=O)[nH]c3c(C(=O)NC4CC4)cccc32)n1'],1.548846960067749
403,['CC(=O)Nc1ccc(C(=O)NOCc2cscn2)cc1'],1.4797369241714478
404,['CC(CNC(=O)C1CC1C)Oc1cccc2c1COCCO2'],1.4592928886413574
405,['CC1CC(NC(=O)C(N)Cc2ccccn2)CC([NH3+])[NH2+]1'],1.512420415878296
406,['Cc1noc(-c2ccc(NC(=O)C34CCC(CC3)C4)cc2)n1'],14.185015678405762
407,['Cc1cccc(-c2noc(CN3CC(C(C)O)NC3=O)n2)c1'],1.4638473987579346
408,['Cc1noc(Cn2c(=O)[nH]c3ccc(C(=O)NC4CC4)cc32)n1'],1.5512574911117554
409,['CC(=O)Nc1ccc(C[NH+]2CC(C(=O)n3ccnc3)C2)cc1'],1.4103220701217651
410,['CC1CC(NC(=O)Cc2nnc3ccccn23)CO1'],1.3330364227294922
411,['CCONC(=O)c1ccc(NC(C)c2nccc(=O)[nH]2)cc1'],1.615249752998352
412,['CCONC(=O)c1ccc(Cn2cnccc2=O)cc1'],1.5748099088668823
413,['Cc1noc(CN2Cc3c(cccc3C(=O)N3CCC4CCC(C3)[NH2+]4)C2=O)n1'],1.6328095197677612
414,['CC(=O)NCc1ccc(C(=O)N2CCCC([NH+](C)C)C2)cc1'],1.6112492084503174
415,['CCONC(=O)c1ccccc1Cn1cc[nH+]c1'],1.9276667833328247
416,['CCONC(=O)c1ccc(CN2C=NC=C([N+](=O)[O-])C2)cc1'],1.466883659362793
417,['CC1CCC[NH+](C(C)C(=O)NCc2cccc3c2OCO3)CC1'],1.5203840732574463
418,['Cc1noc(Cn2c(=O)[nH]c3ccc(C(=O)N4CCCC4)cc32)n1'],1.4263538122177124
419,['Cc1noc(-c2ccc(NC(=O)C3CC4CC3CC4C)cc2)n1'],14.056965827941895
420,['Cc1noc(CN2CC(C(C)c3ccccc3)NC2=O)n1'],1.4794715642929077
421,['Cc1cocc1NC(=O)C1CCC(c2nnc(N)[nH]2)C1'],1.7068942785263062
422,['Cc1cccc(C(=O)NCc2cccc3c2OCO3)n1'],1.426148533821106
423,['CC(=O)Nc1ccc(C(=O)NOCc2cscn2)cc1'],1.4797369241714478
424,['Cc1noc(Cn2c(=O)[nH]c3ccc(C(=O)NC(C)C)cc32)n1'],1.5461006164550781
425,['Cc1noc(-c2ccc(NC(=O)C3CC4CC(C)C3C4)cc2)n1'],14.492932319641113
426,['CC1CC[NH2+]C(NC(=O)C(C)c2cccc3ccccc23)C1'],1.5931103229522705
427,['CC1CC(NC(=O)C(C)c2cscc2N=Cc2ccccc2)CC[NH2+]1'],1.8141390085220337
428,['Cc1noc(-c2ccc(N3CC(C(=O)NC4CC4)NC3=O)cc2)n1'],1.588365912437439
429,['CC(C)CONC(=O)c1ccc(-n2cccc2)cc1'],1.8119220733642578
430,['CCC(=O)NCc1cccc2c1CCC(C)([N+](=O)[O-])C2'],1.4517070055007935
431,['CCONC(=O)C(C)NCc1nnn[n-]1'],1.5967804193496704
432,['CC1CC(NC(=O)C(C)c2ccc3ccccc3c2)CC[NH2+]1'],3.779888391494751
433,['Cc1noc(Cn2c(=O)[nH]c3ccc(C(=O)NC(C)C)cc32)n1'],1.5461006164550781
434,['CC(C(=O)NCc1cccc2c1OCO2)N1CC[NH2+]C([NH3+])C1'],1.4509782791137695
435,['Cc1nc(NC(=O)C2CCOCCN2C(C)C[NH3+])cs1'],1.458396077156067
436,['CCOC(=O)c1ccn(CC(=O)N=C2Cc3ccccc3C2)n1'],1.4124869108200073
437,['CC1CC2CC(C(=O)Nc3ccc(-c4nc(CS)no4)cc3)C1C2'],4.82401704788208
438,['CC(=O)Nc1ccc(C[NH+]2CC(C)(C)C2)cc1'],1.5059183835983276
439,['CC(=O)Nc1ccc(CC(=O)N2CCC[NH+](C3CC3)CC2)cc1'],1.549250602722168
440,['CC(C[NH3+])Oc1ccc(CN2CC(=O)NC2=O)cc1'],1.422894835472107
441,['Cc1noc(Cn2c(=O)[nH]c3c(C(=O)NCC4CCCO4)cccc32)n1'],1.4167542457580566
442,['CC1CC(NC(=O)C(C)c2ccc3ccccc3c2)CC[NH2+]1'],3.779888391494751
443,['CCONC(=O)c1ccc(-c2nc(CN)no2)cc1'],1.5221010446548462
444,['Cc1noc(-c2cccc(NC(=O)CC3CC4CCC3C4)c2)n1'],15.219419479370117
445,['Cc1noc(Cn2c(=O)[nH]c3c(C(=O)NC4CC4)cccc32)n1'],1.548846960067749
446,['CC1C[NH2+]CC(NC(=O)C2CCCC(C(N)=O)C2)C1'],1.5470329523086548
447,['CC1CCC(NC(=O)C(C)c2ccc3ccccc3c2)C[NH2+]1'],3.8291637897491455
448,['CC1CC(NC(=O)C(C)Nc2ccc3ccccc3c2)CC[NH2+]1'],2.256521463394165
449,['CC(=O)NCc1ccc(C(=O)N2CCC(S(C)(=O)=O)C2)cc1'],1.467178463935852
450,['CC1CC1C(=O)Nc1cnc(C2C=CCC2)nn1'],1.570259928703308
451,['CON=C(N)CC(=O)N1CCOC(C)C1'],2.0373315811157227
452,['Cc1noc(CN2Cc3ccc(C(=O)NO)cc3C2)n1'],1.514487624168396
453,['CC1CC(C(=O)Nc2ccc(-c3nc(C4CCCCC4)no3)cc2)N(S(C)(=O)=O)C1'],1.7175081968307495
454,['CC(Oc1ccc2c(c1)OCCOC2)C(=O)NC1CC1C'],1.534494400024414
455,['CC1CC(NC(=O)c2n[n-]c(C(=O)N3CCCC3)n2)CO1'],1.572586178779602
456,['Cc1noc(-c2cccc(NC(=O)C3NC(=O)C(C)N3)c2)n1'],1.4639791250228882
457,['Cc1noc(-c2ccc(N3CC(C(=O)[O-])NC3=O)cc2)n1'],1.8036651611328125
458,['CCONC(=O)c1csc(CNc2cccc(I)c2)n1'],1.5791313648223877
459,['Cc1noc(-c2ccc(NC(=O)C3CCC(C4CCSC4)N3)cc2)n1'],1.724548578262329
460,['CC(=O)NCc1ccc(C(=O)N2CCC3[NH2+]C(CC3[NH3+])C2)cc1'],13.924731254577637
461,['CC1CCCC[NH+]1C(C)C(=O)NCc1ccc2c(c1)OCO2'],1.4208734035491943
462,['CC(=O)NCc1cccc2c1OC(C)(C(=O)N1CCCCC1)O2'],1.496261715888977
463,['Cc1noc(-c2ccc(N3CC(C(=O)NC4CC4)NC3=O)cc2)n1'],1.588365912437439
464,['Cc1noc(CN2CC(=O)N(C(C)c3cccc4c3OCO4)C2)n1'],1.4018582105636597
465,['Cc1noc(-c2ccc(NC(=O)C3CN(O)C(=O)N3)cc2)n1'],1.4221552610397339
466,['Cc1noc(Cn2c(=O)[nH]c3c(C(=O)N4CCCC4)cccc32)n1'],1.438757061958313
467,['Cc1noc(CN2Cc3ccccc3C2(C)C2CCCC2)n1'],8.15364933013916
468,['Cc1noc(-c2cccc(NC(=O)C3CN(C4CC4)C(=O)N3)c2)n1'],1.5807527303695679
469,['Cc1noc(CN2Cc3ccc(C(=O)NO)cc3C2=O)n1'],1.4898773431777954
470,['Cc1occc1NC(=O)CC1(C)Cc2ccccc2C1'],1.9249334335327148
471,['CC1CC2CC(C(=O)Nc3ccc(-c4nc(C(F)F)no4)cc3)C1C2'],2.1939549446105957
472,['CC(=O)NCc1cccc2c1OC(C)(C(=O)N1CCCCCCC1)O2'],1.5956560373306274
473,['CCONC(=O)c1ccccc1Cn1cccc1'],1.5713502168655396
474,['Cc1occc1CNC(=O)C1Cc2ccccc2C1'],1.6164401769638062
475,['CCONC(=O)c1ccc(CNC(=O)c2cscn2)cc1'],1.5453838109970093
476,['Cc1noc(Cn2c(=O)[nH]c3c(C(=O)NCC4CCOC4)cccc32)n1'],1.409847378730774
477,['CC1CCC(NC(=O)CC2(C)CCc3ccccc3C2)C[NH2+]1'],1.6782841682434082
478,['CCONC(=O)c1ccc(Cn2cnc([N+](=O)[O-])cc2=O)cc1'],1.6215699911117554
479,['CCONC(=O)c1ccc(Cn2cc[nH+]c2)cc1'],1.830897331237793
480,['Cc1ccc(-c2nc(C3CC3)no2)cc1NC(=O)C1NCC(=O)N1'],1.7009810209274292
481,['CCONC(=O)c1ccc(-c2noc(CN)n2)cc1'],1.5291104316711426
482,['CCC(=O)N1COC(c2ccc([NH+](CC)CC)cc2)C1'],1.4811538457870483
483,['CCONC(=O)C(Cc1cccc(N)c1)n1cccc1'],1.6159998178482056
484,['CC(CNC(=O)C1CC1C)Oc1ccccc1'],1.6585644483566284
485,['CC(=O)Nc1ccc(C[NH+]2CCCN(C(=O)c3ccoc3)CC2)cc1'],1.5958081483840942
486,['CC1CC2CC(C(=O)Nc3ccc(-c4nc(-c5nncs5)no4)cc3)C1C2'],3.3072891235351562
487,['Cc1noc(CN2C(=O)Cc3cc(C(=O)N4CCSCC4)ccc32)n1'],1.5187798738479614
488,['Cc1noc(Cn2c(=O)[nH]c3c(C(=O)N4CCOCC4)cccc32)n1'],1.6228845119476318
489,['CC(=O)NCc1ccc(C(=O)OC2CCC3C[NH2+]CC([NH3+])N3C2)cc1'],1.465058445930481
490,['CCOC(=O)c1cn(C2CCCC2)nc1CNC(C)=O'],1.5661728382110596
491,['Cc1noc(Cn2c(=O)[nH]c3ccc(C(=O)NCC4CCCO4)cc32)n1'],1.4234402179718018
492,['Cc1noc(CN2Cc3c(cccc3C(=O)N3CC4CCC(CC3[NH3+])[NH2+]4)C2=O)n1'],1.6100908517837524
493,['CC(=O)Nc1ccc(C(=O)NOCc2cscn2)cc1'],1.4797369241714478
494,['CC(=O)Nc1ccc(C[NH+]2CCC2C(=O)n2ccnc2)cc1'],1.486939549446106
495,['CC(N=CC(=O)N1CCOCC1C)c1ccc2c(c1)OCCOC2'],3.292546510696411
496,['CC(=O)NCc1ccc(C(=O)N2CCC3(CCCCC3)C2)cc1'],1.6690444946289062
497,['CCC(NC(=O)C1CC1C)c1ccc2nccnc2c1'],1.5828161239624023
498,['Cc1noc(Cn2c(=O)[nH]c3c(C(=O)NC4CC4)cccc32)n1'],1.548846960067749
499,['CC(=O)Nc1ccc(C(=O)N2CCC(CS(C)=O)C2)cc1'],1.483277678489685
500,['Cc1noc(-c2cccc(NC(=O)C34CCC(CC3)C4)c2)n1'],15.120550155639648
501,['Cc1noc(CN2CC(C)(c3ccc(N4CCCC4)cc3)NC2=O)n1'],1.7526963949203491
502,['CC(=O)NCc1cccc2c1OC(C)(C(=O)N1CCCCCCC1)O2'],1.5956560373306274
503,['Cc1noc(Cn2c(=O)[nH]c3c(C(=O)NCC4CCOC4)cccc32)n1'],1.409847378730774
504,['CCONC(=O)C(C)Nc1cccc(-c2nnn[n-]2)c1'],1.4950789213180542
505,['Cc1noc(Cn2c(=O)[nH]c3ccc(C(=O)NCC4CCCO4)cc32)n1'],1.4234402179718018
506,['CC12CCC(C(=O)Nc3ccc(-c4nc(CS)no4)cc3)(CC1)C2'],4.622260093688965
507,['Cc1noc(CN2Cc3ccccc3C2(C)C(=O)NC2CCS(=O)(=O)C2)n1'],1.533941388130188
508,['CC(=O)Nc1cccc(C(=O)N2CCC3[NH2+]C(CC3[NH3+])C2)c1'],15.400103569030762
509,['CC1CC1NC(=O)CC(=O)N1CCCCCCC1'],1.5623465776443481
510,['CCONC(=O)c1ccccc1CN1C=NC=C([N+](=O)[O-])C1'],1.4680224657058716
511,['CC(C)c1noc(CN2Cc3ccccc3C2)n1'],1.5946424007415771
512,['CCONC(=O)c1ccc(Cn2cc[nH+]c2)cc1'],1.830897331237793
513,['Cc1noc(Cn2c(=O)[nH]c3c(C(=O)NCC4CCOC4)cccc32)n1'],1.409847378730774
514,['CCONC(=O)c1nc(NCc2ccc(I)cc2)cs1'],1.6042407751083374
515,['CC1CCCC[NH+]1C(C)C(=O)NCc1cccc2c1OCO2'],1.4714860916137695
516,['CC1Cc2c(cccc2C(=O)NCC2CC2C(N)=O)O1'],1.5304445028305054
517,['Cc1noc(-c2ccc(NC(=O)C3NC(=O)CN3O)cc2)n1'],1.5430922508239746
518,['Cc1noc(-c2ccc(NC(=O)C3CCC(=O)N3)cc2)n1'],1.4469484090805054
519,['CC1CC(NC(=O)CC2(C)CCc3ccccc3C2)CC[NH2+]1'],1.6830041408538818
520,['CC(=O)Nc1ccc(CC(=O)N2CCC([NH+](C)C)CC2)cc1'],1.4945417642593384
521,['Cc1noc(-c2cccc(NC(=O)C34CCC(C)(CC3)C4)c2)n1'],15.32291316986084
522,['Cc1c[nH]c[n+]1C(C)C(=O)NCc1ccc2c(c1)OCO2'],1.530158281326294
523,['CC1NCC(C)(C)OC1=NC(=O)Cc1ccc(N2CNCC2=O)cc1'],2.1352546215057373
524,['CC(=O)Nc1ccc(CS(=O)(=O)N2CCCCC2(C)[NH3+])cc1'],1.4590898752212524
525,['Cc1cccc(-c2noc(CN3CC(C(C)O)NC3=O)n2)c1'],1.4638473987579346
526,['CC(=O)Nc1ccc(C(=O)NOCc2cscn2)cc1'],1.4797369241714478
527,['CCONC(=O)c1ccc(-c2nc(CN)no2)cc1'],1.5221010446548462
528,['Cc1noc(-c2ccc(N3CC(C(=O)NC4CC4)NC3=O)cc2)n1'],1.588365912437439
529,['CC(=O)Nc1ccc(C[NH+]2CCCN(C(=O)c3ccoc3)CC2)cc1'],1.5958081483840942
530,['CC1CC1NC(=O)Cc1nc2c(-n3cccn3)cccc2s1'],1.6578269004821777
531,['CC1CC(NC(=O)CC(N)=O)CC2(CCCCC2)[NH2+]1'],1.4809423685073853
532,['COC(C)(C)C(=O)NCC1CC2CCCCC2C[NH2+]1'],1.5704355239868164
533,['Cc1noc(-c2cccc(N3CC(C(=O)[O-])NC3=O)c2)n1'],1.9005316495895386
534,['CCONC(=O)Cc1csc(Nc2ccc(I)cc2)n1'],1.589173674583435
535,['C#CC(C[NH3+])Nc1ccc(C(=O)NOCC)cc1'],1.6615086793899536
536,['O=C(NCc1nc(C2CC2)no1)c1ccc2c(c1)NCN2'],1.9932763576507568
537,['CC1CC(NC(=O)CC(N)=S)CC[NH2+]1'],1.4176722764968872
538,['CC(CNC(=O)C1CC1C)Oc1ccccc1'],1.6585644483566284
539,['CC1CN(C(=O)Cc2nc3c(-n4cccn4)cccc3s2)CC(C)(C)O1'],1.6279774904251099
540,['CC(=O)NC1C[NH2+]CC(C(=O)C2CC2)C1'],1.6757656335830688
541,['Cc1noc(-c2ccc(NC(=O)C3NC(=O)C(N)N3)cc2)n1'],1.5952509641647339
542,['CCONC(=O)c1ccc(Cn2cccc2)cc1'],1.6089671850204468
543,['CC1CC2CC(C(=O)Nc3cccc(-c4nc(C5CC5)no4)c3)C1C2'],11.797158241271973
544,['CC(CNC(=O)C1CC1C)Oc1ccccc1'],1.6585644483566284
545,['CC(=O)NCc1ccc(OC(C)C(=O)N2CCC[NH2+]CC2)cc1'],1.5233646631240845
546,['CC(O)c1noc(CN2CC(C)(c3ccccc3)NC2=O)n1'],1.5352158546447754
547,['CC1CC(NC(=O)C(C)c2cccc3ccccc23)CC[NH2+]1'],4.735367298126221
548,['CCN(C)C(=O)c1cccc2c1[nH]c(=O)n2Cc1nc(C)no1'],1.5605987310409546
549,['CCONC(=O)c1ccc(-c2noc(CN)n2)cc1'],1.5291104316711426
550,['CC1CCC(NC(=O)C(C)c2cccc3ccccc23)C[NH2+]1'],5.021848201751709
551,['Cc1noc(Cn2c(=O)[nH]c3ccc(C(C)C[NH3+])cc32)n1'],1.7680761814117432
552,['Cc1noc(-c2ccc(NC(=O)C3CC4CCC3C4)cc2)n1'],13.601202964782715
553,['CC(=O)NCc1cccc2c1OC(C)(C(=O)N1CCCCCCC1)O2'],1.5956560373306274
554,['Cc1noc(CN2Cc3c(C(=O)NO)cccc3C2=O)n1'],1.4930344820022583
555,['CC1(c2ccccc2)CN(Cc2nc(C3CC3)no2)C(=O)N1'],1.6364537477493286
556,['CCONC(=O)c1ncsc1NCc1ccc(I)cc1'],1.6121114492416382
557,['CC1NC(C(=O)Nc2ccc(-c3nc(CO)no3)cc2)NC1=O'],1.4980709552764893
558,['Cc1noc(Cn2c(=O)[nH]c3c(C(=O)NC4CC4)cccc32)n1'],1.548846960067749
559,['Cc1noc(CN2CC(C)(c3ccc(N4CCCC4)cc3)NC2=O)n1'],1.7526963949203491
560,['Cc1noc(-c2ccc(NC(=O)C3CC4CCC3C4)cc2)n1'],13.601202964782715
561,['CC(=O)NCc1cccc2c1CCC(C)(N1CCCC1)C2'],1.5277396440505981
562,['CC1(C(=O)N2CC3CCC2C3)Oc2cccc(CNC(=O)CS)c2O1'],1.683580756187439
563,['CC(=O)NCc1ccc(C(=O)N2CCC([NH+](C)C)CC2)cc1'],1.5919872522354126
564,['Cc1noc(-c2ccc(NC(=O)C34CCC5(CCCC5C3)C4)cc2)n1'],15.298470497131348
565,['CC1CCCCCCN1C(C)C(=O)NCc1cccc2c1OCO2'],1.4687467813491821
566,['CC(C(=O)NCc1cccc2c1OCO2)[NH+]1CCCCC2(CCCOC2)C1'],1.5575388669967651
567,['CC(=O)Nc1ccc(C2OCC(C)(C(=O)N3CCCCCCC3)O2)cc1'],1.5747126340866089
568,['CNc1ccc2sc(CC(=O)N3CCOCC3C)nc2c1'],1.3899080753326416
569,['CC1CC(NC(=O)C2CCCC(C(N)=O)C2)CC([NH3+])[NH2+]1'],1.5347540378570557
570,['CC1CC(NC(=O)C2CCCC(C)(n3cncn3)C2)CC2(CCCC[NH2+]2)[NH2+]1'],1.7137116193771362
571,['Cc1noc(Cn2c(=O)[nH]c3ccc(C(=O)N4CCCC4)cc32)n1'],1.4263538122177124
572,['CCONC(=O)c1ccc(Cn2cc[nH+]c2)cc1'],1.830897331237793
573,['CC1CC1C(=O)NCC1(C)C[NH2+]Cc2ccccc2O1'],1.5720423460006714
574,['CC(=O)NCc1ccc2c(c1)OC(C)(C(=O)N1CCCCCCC1)O2'],1.5698773860931396
575,['Cc1noc(-c2cccc(NC(=O)C3CC4CC(C)C3C4)c2)n1'],15.176685333251953
576,['CCC(=O)Nc1ccc(C2COC(C)(C(=O)NN)O2)cc1'],9.903861999511719
577,['CCONC(=O)c1ncsc1Nc1ccc(C)cc1'],1.5980041027069092
578,['Cc1noc(CN2Cc3c(C(=O)NO)cccc3C2=O)n1'],1.4930344820022583
579,['Cc1noc(CN2Cc3c(cccc3C(=O)N3CCC4CCC(C3)[NH2+]4)C2=O)n1'],1.6328095197677612
580,['Cc1noc(Cn2c(=O)[nH]c3c(C(=O)N4CCCC4)cccc32)n1'],1.438757061958313
581,['CC(NC(=O)C1CC1CN)c1coc2ccccc12'],1.615156650543213
582,['Cc1noc(-c2ccc(N3CC(C(=O)[O-])NC3=O)cc2)n1'],1.8036651611328125
583,['COC(=O)c1cccc2c1CN(Cc1nc(C)no1)C21CCCC1'],1.5261774063110352
584,['CC1CCCCN(C(C)C(=O)NCc2cccc3c2OCO3)CC1'],1.5159871578216553
585,['Cc1noc(Cn2c(=O)[nH]c3c(C(=O)NC4CC4)cccc32)n1'],1.548846960067749
586,['Cc1noc(-c2ccc(NC(=O)C3CNC(=O)N3)cc2)n1'],1.4889754056930542
587,['Cc1noc(CN2Cc3c(C(=O)NC4CCCC4)cccc3C2=O)n1'],1.6867886781692505
588,['Cc1noc(CNC(=O)C2CC3CC(C(=O)[O-])C2C3)n1'],1.5148532390594482
589,['CC1CC(NC(=O)CC(C)N2CSc3ccccc32)CC[NH2+]1'],1.432079792022705
590,['Cc1noc(-c2ccc(N3CC(C(=O)NC4CC4)NC3=O)cc2)n1'],1.588365912437439
591,['Cc1noc(Cn2c(=O)[nH]c3ccc(C(=O)NC(C)C4CC4)cc32)n1'],1.5547515153884888
592,['CC1(c2ccc(F)cc2)CN(Cc2nc(C3CC3)no2)C(=O)N1'],1.6237761974334717
593,['Cc1noc(-c2ccc(NC(=O)C3CC4(C)CCC3C4)cc2)n1'],15.07367992401123
594,['CCC(C(=O)NC1CC[NH2+]C(C)C1)N1CCSc2ccccc21'],1.5154061317443848
595,['CC(C[NH3+])N1CCN(C(=O)c2ccc(CO)cc2)CC1'],1.5648096799850464
596,['Cc1noc(Cn2c(=O)[nH]c3ccc(C(=O)NC4CC4)cc32)n1'],1.5512574911117554
597,['CC1COCCN1C(=O)Cc1nc2ccccc2s1'],1.3803634643554688
598,['Cc1noc(-c2ccc(NC(=O)C34CCC(CC3)C4)cc2)n1'],14.185015678405762
599,['CC(=O)Nc1ccc(C(=O)NOCC2CCC[NH2+]2)cc1'],1.6481984853744507
600,['CC1COCCN1C(=O)Cc1nc2ccc(NS(C)(=O)=O)cc2s1'],1.5236670970916748
601,['Cc1noc(-c2ccc(NC(=O)C3CC4(C)CCC3C4)cc2)n1'],15.07367992401123
602,['CC(=O)Nc1cccc(C2COC(C)(C(=O)N3CCCCCCC3)O2)c1'],1.6932843923568726
603,['CCONC(=O)c1ccccc1C[NH+]1CC2CCC1C2'],1.6189353466033936
604,['CC(O)C(=O)Nc1ccc(C[NH+]2CCC2C)cc1'],1.4743491411209106
605,['Cc1noc(-c2ccc(NC(=O)C3CCCN3C3CCSC3)cc2)n1'],1.5623480081558228
606,['CC(=O)Nc1ccc(CC(=O)[NH+]2CCCCC(C)(O)C2)cc1'],1.5771750211715698
607,['Cc1noc(-c2ccc(NC(=O)C34CCC(CC3)C4)cc2)n1'],14.185015678405762
608,['CC(=O)Nc1ccc(C2NCC(=O)N2Cc2nc(C)no2)cc1'],1.4230016469955444
609,['Cc1noc(CN(C)C(=O)C2CC3CC(c4ccccc4)C2C3)n1'],2.030489206314087
610,['Cc1noc(-c2ccc(NC(=O)C3CC4CC(C)C3C4)cc2)n1'],14.492932319641113
611,['CC(=O)Nc1ccc(C2OCC(C)(c3ncon3)O2)cc1'],1.4179075956344604
612,['CCONC(=O)C(C)NCc1ccsc1'],1.5428893566131592
613,['Cc1noc(-c2ccc(NC(=O)C3CC4(C)CCC3C4)cc2)n1'],15.07367992401123
614,['Cc1noc(Cn2c(=O)[nH]c3c(C(=O)NC4CC4)cccc32)n1'],1.548846960067749
615,['Cc1cocc1NC(=O)CC1Cc2ccccc2C1'],1.9391881227493286
616,['CC1CCCC[NH+]1C(C)C(=O)NCc1cccc2c1OCO2'],1.4714860916137695
617,['CCONC(=O)c1ccc(-c2noc(CN)n2)cc1'],1.5291104316711426
618,['CCONC(=O)c1ccc(Cn2cc[nH+]c2)cc1'],1.830897331237793
619,['CC1CC1C(=O)NCC1(C)CCC[NH+](C2C=CC=CC2)C1'],1.5824512243270874
620,['Cc1cccc(NC(=O)C2NCC(=O)N2Cc2nc(C)no2)c1'],1.4903494119644165
621,['CC(=O)NCc1ccc(OC(C)C(=O)N2CC[NH2+]CC2[NH3+])cc1'],1.5566130876541138
622,['Cc1noc(CN2CC(C(=O)N3CCOCC3)NC2=O)n1'],1.435415267944336
623,['CC1CC1NC(=O)c1ccc(CN2C=[NH+]CC2)cc1'],1.5940884351730347
624,['CC1COCC(C)N1C(=O)C=Nc1ccc(C(N)=O)cc1'],1.5628652572631836
625,['CC(C(=O)NCc1cc(-c2ccc(F)cc2)co1)N1CCOc2ccccc2C1'],1.5604125261306763
626,['CC1COCC(C)(C)N1C(=O)Cc1nc2ccccc2s1'],1.5494697093963623
627,['CC(Oc1ccc2c(c1)OCCOC2)C(=O)NC1CC1C'],1.534494400024414
628,['Cc1noc(Cn2c(=O)[nH]c3c(C(=O)N(C)C4CCCC4)cccc32)n1'],1.6063069105148315
629,['CC1CC2(CCCCC2)CC(NC(=O)CC(=O)n2cncn2)[NH2+]1'],1.5597504377365112
630,['Cc1noc(-c2ccc(NC(=O)C3NC(=O)CN3O)cc2)n1'],1.5430922508239746
631,['CC1CC(NC(=O)C(C)c2ccc3ccccc3c2)CC[NH2+]1'],3.779888391494751
632,['Cc1noc(CN2Cc3cccc(C(=O)NO)c3C2)n1'],1.4940192699432373
633,['Cc1noc(Cn2c(=O)[nH]c3ccc(C(=O)N4CCOCC4)cc32)n1'],1.56647527217865
634,['CC1COCC(C)N1C(=O)C=Nc1ccc(C(N)=O)cc1'],1.5628652572631836
635,['CC(C)c1noc(Cn2c(=O)[nH]c3ccc(C(N)=O)cc32)n1'],1.6156781911849976
636,['CC(=O)NCC1CC[NH2+]C2(CCCC(C)(C#N)C2)C1'],1.4952753782272339
637,['Cc1noc(-c2cccc(NC(=O)C34CCC(CC3)C4)c2)n1'],15.120550155639648
638,['CC(C(=O)NCc1ccc2c(c1)OCO2)N1CCCCCC2(CCC2)C1'],1.6407357454299927
639,['CCC(=O)NCc1cccc2c1CCC(C)([NH+](C)C)C2'],1.4917197227478027
640,['CC(=O)Nc1cccc(C(=O)N2CCC(C[NH+](C)C)CC2)c1'],1.5132566690444946
641,['Cc1noc(CN2CC(C)(c3ccc(NC(=O)C4CC4)cc3)NC2=O)n1'],1.6909282207489014
642,['CC1CN(C(=O)Cc2nc3ccccc3s2)CCO1'],1.3778715133666992
643,['CC1CC(NC(=O)C(C)CN2CSc3ccccc32)CC[NH2+]1'],1.7233104705810547
644,['Cc1noc(CN2CC(c3ccc(N(C)C)cc3)NC2=O)n1'],1.4895423650741577
645,['Cc1noc(CN2CC(=O)N(c3cccc(C(=O)[O-])c3)C2)n1'],2.0134878158569336
646,['CCONC(=O)c1ccc(Cn2cnc([N+](=O)[O-])cc2=O)cc1'],1.6215699911117554
647,['CCOC(=O)c1ccn(C2CCC(C(=O)NC)C2)n1'],1.6109360456466675
648,['CC1CC1C(=O)NCc1ccc2nc(C3CCCC3)oc2c1'],1.597674012184143
649,['CCONC(=O)c1ccc(-c2noc(CN3CCCC3)n2)cc1'],1.631550908088684
650,['Cc1occc1NC(=O)CC1CCN(S(=O)(=O)c2ccccc2)CC1'],3.787175178527832
651,['Cc1noc(Cn2c(=O)[nH]c3ccc(C(=O)N4CCCC4)cc32)n1'],1.4263538122177124
652,['Cc1noc(-c2ccc(NC(=O)C3NC(C4CC4)NC3=O)cc2)n1'],1.8899871110916138
653,['CC(=O)NCc1cccc2c1OC(C)(C[SH](=O)=O)O2'],1.4464823007583618
654,['CCONC(=O)CC(=O)NC'],1.541813850402832
655,['Cc1noc(CN2C(=O)Cc3c(C(=O)N4CCSCC4)cccc32)n1'],1.516649603843689
656,['Cc1occc1CNC(=O)C(C)N1CCc2ccccc2C1'],1.6246693134307861
657,['Cc1noc(Cn2c(=O)[nH]c3ccc(C(=O)N4CCOCC4)cc32)n1'],1.56647527217865
658,['Cc1noc(Cn2c(=O)[nH]c3ccc(C(=O)N4CCCC4)cc32)n1'],1.4263538122177124
659,['CC(=O)NCc1ccc(C(=O)N2CCC([NH+]3CCCCCC3)CC2)cc1'],1.5771714448928833
660,['CC(=O)Nc1ccc(C2COC(C)(C(=O)N3CCCCCCC3)O2)cc1'],1.6561795473098755
661,['CC1CC(NC(=O)C(C)c2cscc2OCc2ccccc2)CC[NH2+]1'],1.471291184425354
662,['CC1CCCC[NH+]1C(C)C(=O)NCc1cccc2c1OCO2'],1.4714860916137695
663,['Cc1noc(-c2ccc(NC(=O)C3CC4CCC3C4)cc2)n1'],13.601202964782715
664,['CC(=O)Nc1ccc(C[NH+]2CCCN(C(=O)C3CC3)CC2)cc1'],1.6441975831985474
665,['CC(c1ccc(F)cc1)N1CN(Cc2nc(-c3ccccc3)no2)CC1=O'],1.500465989112854
666,['CCONC(=O)c1csc(C=C(C)N)n1'],1.4829195737838745
667,['Cc1noc(CN(C)C(=O)C2CC3(c4ccccc4)CCC2C3)n1'],2.144235134124756
668,['CC1CC(N2CNN=C2C(=O)Nc2ccc(C#N)cc2)CO1'],1.4144686460494995
669,['Cc1noc(Cn2c(=O)[nH]c3c(C(=O)NC4CC4)cccc32)n1'],1.548846960067749
670,['CCOC(=O)c1ccn(C2CCC(C(=O)NC)C2)n1'],1.6109360456466675
671,['CC1(c2noc(CN3C(=O)Cc4ccc(C(N)=O)cc43)n2)CCCCC1'],1.9229744672775269
672,['CCONC(=O)c1ccc(Cn2cccc2)cc1'],1.6089671850204468
673,['Cc1noc(Cn2c(=O)[nH]c3ccc(C(=O)NC4CC4)cc32)n1'],1.5512574911117554
674,['CCONC(=O)c1ccccc1Cn1cnc([N+](=O)[O-])cc1=O'],1.6000396013259888
675,['Cc1noc(-c2ccc(NC(=O)C3NCC(=O)N3)cc2)n1'],1.440320372581482
676,['CC1CC(NC(=O)CC2(N)CCc3ccccc3C2)CC([NH3+])[NH2+]1'],1.7457438707351685
677,['Cc1noc(-c2cccc(NC(=O)C34CCC(CC3)C4)c2)n1'],15.120550155639648
678,['Cc1noc(CN2CC(=O)N(C(C)c3cccc4c3OCO4)C2)n1'],1.4018582105636597
679,['Cc1noc(CN2Cc3ccccc3C2(C)C2CCC(=O)C2)n1'],1.9764503240585327
680,['CC(C(=O)NC1C[NH2+]CCC1C)c1csc(NC2CCCC2)c1'],1.5784965753555298
681,['CCONC(=O)C(C)Nc1cccc2c1COCCO2'],1.49600088596344
682,['Cc1noc(Cn2c(=O)[nH]c3c(C(=O)N4CCCC4)cccc32)n1'],1.438757061958313
683,['Cc1noc(Cn2c(=O)[nH]c3ccc(C(=O)NC4CC4)cc32)n1'],1.5512574911117554
684,['CC(=O)NCc1ccc2c(c1)CCC(C)([NH+](C)C(C)=O)C2'],1.5204983949661255
685,['CCONC(=O)c1ccc(C[n+]2cc[nH]c2)cc1'],1.823087215423584
686,['CC(=O)Nc1ccc(C[NH+]2CC(C(=O)n3ccnc3)C2)cc1'],1.4103220701217651
687,['CC(C)c1noc(CNC(=O)C2CC3(C)CCC2C3)n1'],1.6918712854385376
688,['Cc1noc(-c2cccc(NC(=O)C3CN(C)C(=O)N3)c2)n1'],1.435815691947937
689,['CC1CC(NC(=O)C(C)c2cscc2OC2CCCC2)CC[NH2+]1'],1.5473766326904297
690,['Cc1noc(CN2CC(=O)N(C(C)c3cccc4c3OCO4)C2)n1'],1.4018582105636597
691,['Cc1noc(CN2Cc3c(C(=O)N4CCSCC4)cccc3C2=O)n1'],1.4871124029159546
692,['Cc1noc(-c2cccc(NC(=O)C3NC(=O)CN3C3CC3)c2)n1'],1.682517647743225
693,['Cc1noc(Cn2c(=O)[nH]c3c(C(=O)NC4CC4)cccc32)n1'],1.548846960067749
694,['Cc1noc(CN2CC(C)(c3ccc(OC4CCC4)cc3)NC2=O)n1'],1.6660517454147339
695,['Cc1ncn(C(C)C(=O)NCc2ccc3c(c2)OCO3)n1'],1.4071041345596313
696,['Cc1noc(Cn2c(=O)[nH]c3c(C(=O)NCC4CCOC4)cccc32)n1'],1.409847378730774
697,['CC(=NCC(=O)N1CC(C)OC(C)C1)c1cccc2c1COCCO2'],1.5401331186294556
698,['Cc1noc(Cn2c(=O)[nH]c3c(C(=O)NC4CC4)cccc32)n1'],1.548846960067749
699,['CC(=O)Nc1ccc(C[NH+](C)CC2(C)CCCOC2)cc1'],1.499645709991455
700,['CC1CC(NC(=O)Cc2nnc3ccccn23)CO1'],1.3330364227294922
701,['CC(=O)NCc1ccc(S(=O)(=O)N2CCCCC2C2CCC[NH2+]2)cc1'],1.6565707921981812
702,['Cc1noc(Cn2c(=O)[nH]c3ccc(C(=O)NCC4CCOC4)cc32)n1'],1.411584496498108
703,['Cc1ccc(CNC(=O)C2(C)Cc3ccccc3C2)o1'],1.6829038858413696
704,['CC(=O)NCc1cccc(OC(C)C(=O)N2CCC[NH2+]CC2)c1'],1.4810266494750977
705,['CC(=O)Nc1ccc(C(=O)NOCC2CC[NH2+]C2)cc1'],1.572438359260559
706,['CC(C(=O)NCc1cccc2c1OCO2)[NH+]1CCCCCC1'],1.4800575971603394
707,['Cc1noc(Cn2c(=O)[nH]c3ccc(C(=O)NC4CC4)cc32)n1'],1.5512574911117554
708,['Cc1noc(CN2CC(C)(c3ccc(Br)cc3)NC2=O)n1'],1.5575984716415405
709,['CNc1cccc2sc(CC(=O)N3CCOCC3C)nc12'],1.7153987884521484
710,['Cc1noc(-c2ccc(N3CC(C(=O)NC4CC4)NC3=O)cc2)n1'],1.588365912437439
711,['CC(C(=O)NC1CC1C)c1nc2ccccc2c(=O)[nH]1'],1.540319561958313
712,['Cc1noc(Cn2c(=O)[nH]c3c(C(=O)N4CCOCC4)cccc32)n1'],1.6228845119476318
713,['CC1CC1NC(=O)CC1(n2nnc3ccccc32)CCCCC1'],1.5734056234359741
714,['Cc1noc(CN2Cc3ccc(C(N)=O)cc3C2=O)n1'],1.4405755996704102
715,['CC[NH+](CC)c1cccc(NC(=O)CC2CNCC3(COCN3)C2)c1'],1.5730608701705933
716,['Cc1noc(CN(C)C(=O)C2CC3(c4ccccc4)CCC2C3)n1'],2.144235134124756
717,['CC1([N+](=O)[O-])CCc2cc(CNC(=O)C3C=CNC3)ccc2C1'],1.5267826318740845
718,['Cc1noc(CN2Cc3cccc(C(=O)NO)c3C2)n1'],1.4940192699432373
719,['CC1CN(C(=O)C=Nc2ccc(C(=O)N3CCCCC3)cc2)C(C)CO1'],1.711398720741272
720,['CCONC(=O)c1ccc(Cn2cc[nH+]c2)cc1'],1.830897331237793
721,['CCONC(=O)c1ccccc1Cn1cc[nH+]c1'],1.9276667833328247
722,['CC(C(=O)Nc1ccc(C2COCO2)cc1)[NH+]1CCCCCC1'],1.5013293027877808
723,['Cc1cc(NC(=O)C2NCC(=O)N2)ccc1-c1nc(C2CC2)no1'],1.7150977849960327
724,['CC(C)OCc1n[nH]c(NC(=O)C2CCOC2)n1'],1.679663896560669
725,['Cc1noc(Cn2c(=O)[nH]c3ccc(C(=O)N4CCCC4)cc32)n1'],1.4263538122177124
726,['CC(CNC(=O)C1CC1C)Oc1ccccc1'],1.6585644483566284
727,['Cc1noc(Cn2c(=O)[nH]c3ccc(C(=O)NC4CC4)cc32)n1'],1.5512574911117554
728,['Cc1noc(-c2ccc(N3CC(C(=O)[O-])NC3=O)cc2)n1'],1.8036651611328125
729,['COC(=O)C1CNCCC[NH+]1Cc1ccc(NC(C)=O)cc1'],1.4232345819473267
730,['NC(N)c1nc(C2CC2)no1'],1.869179129600525
731,['Cc1noc(CN2C(=O)CNC2C(=O)Nc2ccccc2C)n1'],1.4566808938980103
732,['Cc1noc(CN2Cc3c(C(=O)NO)cccc3C2=O)n1'],1.4930344820022583
733,['CCONC(=O)c1ccc(C[NH+]2CC=CCC2)cc1'],1.4454833269119263
734,['CC(=O)Nc1cccc(C(=O)N2CCC(C)(S(C)=O)C2)c1'],1.4724117517471313
735,['Cc1noc(Cn2c(=O)[nH]c3c(C(=O)NC4CC4)cccc32)n1'],1.548846960067749
736,['CC1CC1NC(=O)Cc1nc2cc(N)ccc2s1'],1.6898434162139893
737,['Cc1noc(-c2cccc(NC(=O)C3CCCN3S(C)(=O)=O)c2)n1'],1.5582292079925537
738,['CC(=O)Nc1cccc(CC(=O)N2CCC[NH+](C(C)c3cccnc3)CC2)c1'],1.5583828687667847
739,['Cc1noc(CNC(=O)c2ccc3c(c2)NC(C)N3C2CC2)n1'],3.0676567554473877
740,['CCONC(=O)c1ccc(C[NH2+]C)cc1'],1.4785583019256592
741,['Cc1ccc(NC(=O)CC2Cc3ccccc3C2)o1'],1.643396258354187
742,['Cc1noc(CN2C(=O)Cc3c(C(=O)N4CCSCC4)cccc32)n1'],1.516649603843689
743,['CCONC(=O)c1ccccc1Cn1c([N+](=O)[O-])nccc1=O'],1.638235330581665
744,['Cc1occc1NC(=O)CC1Cc2ccccc2C1'],1.934604287147522
745,['Cc1noc(CN2Cc3c(C(=O)N4CCSCC4)cccc3C2(C)C)n1'],2.602097988128662
746,['CCOC(=O)c1ccn(C2CCC(C(=O)NC)C2)n1'],1.6109360456466675
747,['Cc1noc(Cn2c(=O)[nH]c3ccc(C(=O)NCC4CCCO4)cc32)n1'],1.4234402179718018
748,['CONC(=O)C1CCN(Cc2nc(-c3ccccc3C)no2)C1'],1.47903573513031
749,['Cc1cccc(NC(=O)C[NH+]2CCCN(C(C)CO)CC2)c1'],1.4648067951202393
750,['CC(=O)NCc1ccc(C(=O)N2CCC[NH2+]CC2)cc1'],1.8855704069137573
751,['CC(=O)NCc1cccc2c1OC(C)(C(=O)N1CCCCCCC1)O2'],1.5956560373306274
752,['CCONC(=O)c1cc([N+](=O)[O-])ccc1C(=O)Nc1cscn1'],1.5218640565872192
753,['Cc1noc(Cn2c(=O)[nH]c3ccc(C(=O)NC4CC4)cc32)n1'],1.5512574911117554
754,['Cc1noc(Cn2c(=O)[nH]c3c(C(=O)NC4CC4)cccc32)n1'],1.548846960067749
755,['CC1COCC(C)N1C(=O)C=Nc1ccc(C(=O)N2CCCCC2)cc1'],1.64053475856781
756,['CC1COCCN1C(=O)Cc1nc2ccc(NS(C)(=O)=O)cc2s1'],1.5236670970916748
757,['Cc1ccc(NC(=O)CC2(C)Cc3ccccc3C2)o1'],1.6558442115783691
758,['Cc1noc(Cn2c(=O)[nH]c3ccc(C(=O)NCC4CCOC4)cc32)n1'],1.411584496498108
759,['CC1CC1NC(=O)c1ccccc1CS(C)=O'],1.6181296110153198
760,['Cc1noc(Cn2c(=O)[nH]c3ccc(C(=O)NC(C)C)cc32)n1'],1.5461006164550781
761,['CC(C(=O)NCc1cccc2c1OCO2)[NH+]1CCCCCC1'],1.4800575971603394
762,['Cc1noc(Cn2c(=O)[nH]c3ccc(C(N)=O)cc32)n1'],2.1049935817718506
763,['CC1CC(NC(=O)CC(C)N2CSc3ccccc32)CC[NH2+]1'],1.432079792022705
764,['CCONC(=O)c1ccc(CN2C=NC=CC2[N+](=O)[O-])cc1'],1.5013982057571411
765,['CC(=O)NCc1ccc2c(c1)CCC(C)(CN1CCCC1=O)C2'],1.666779637336731
766,['CC12CC1(C(=O)NCc1ccc3nc(C4CCCC4)oc3c1)SC(=O)N2'],1.6129729747772217
767,['CC1CC(NC(=O)C(C)c2ccc3ccccc3c2)CC[NH2+]1'],3.779888391494751
768,['Cc1noc(-c2ccc(NC(=O)C3NC(=O)C([O-])N3)cc2)n1'],1.4894849061965942
769,['Cc1noc(Cn2c(=O)[nH]c3ccc(C(=O)NC4CC4)cc32)n1'],1.5512574911117554
770,['CC(=O)Nc1cccc(C2CCCN(C(=O)C=C(C)[O-])C2)c1'],1.4428166151046753
771,['CC(=O)NCC1CCCC[NH+]1C(C)C1CCc2ccccc2C1'],1.7241246700286865
772,['Cc1noc(CN2C(=O)Cc3c(C(=O)NO)cccc32)n1'],1.5120084285736084
773,['Cc1noc(-c2cccc(NC(=O)C3CCN(S(C)(=O)=O)C3)c2)n1'],1.5591460466384888
774,['Cc1noc(Cn2c(=O)[nH]c3ccc(C(=O)N4CCCC4)cc32)n1'],1.4263538122177124
775,['CC(CNC(=O)C1CC1C)Oc1ccccc1'],1.6585644483566284
776,['CC(=O)NCC1CCC[NH+](C(C)C2CCCCC2=O)C1'],1.6146422624588013
777,['CC(CNC(=O)C1CC1C)Oc1ccccc1'],1.6585644483566284
778,['Cc1noc(Cn2c(=O)[nH]c3c(C(=O)NC4CC4)cccc32)n1'],1.548846960067749
779,['CC(=O)NCc1ccc(C(=O)N2CCCC([NH+](C)C)C2)cc1'],1.6112492084503174
780,['CNc1ccc2sc(CC(=O)N3CCOC(C)C3)nc2c1'],1.38118314743042
781,['CC1CN(C(=O)CC(N)=NOc2ccccc2)CCO1'],1.7810975313186646
782,['CC1CC(NC(=O)C(C)c2ccsc2)CC[NH2+]1'],1.4287430047988892
783,['Cc1cocc1NC(=O)CC1(N)Cc2ccccc2C1'],1.708069086074829
784,['Cc1noc(CN2CC(C)(c3ccc(Br)cc3)NC2=O)n1'],1.5575984716415405
785,['CC1CC[NH2+]C(NC(=O)CC2(N)CCc3ccccc3C2)C1'],1.5576788187026978
786,['Cc1noc(-c2ccc(NC(=O)C3CN(CC4CC4)C(=O)N3)cc2)n1'],1.6515746116638184
787,['CC(=O)NCc1cccc2c1CCC(C)(N1CCCC1)C2'],1.5277396440505981
788,['Cc1noc(-c2ccc(NC(=O)C3CN(O)C(=O)N3)cc2)n1'],1.4221552610397339
789,['CC1CC(NC(=O)C(C)c2cscc2[SH](=O)=O)CC[NH2+]1'],1.440416932106018
790,['CC(=O)Nc1ccc(C2COC(C)(C(=O)N3CCCCCCC3)O2)cc1'],1.6561795473098755
791,['CC(=O)NCc1ccc(C(=O)OC2C[NH2+]C([NH3+])C2)cc1'],1.410321831703186
792,['CC1CC(NC(=O)CC2(N)CCc3ccccc3C2)CC[NH2+]1'],1.6068733930587769
793,['Cc1noc(Cn2c(=O)[nH]c3ccc(C(=O)NC4CC4)cc32)n1'],1.5512574911117554
794,['CC(=O)c1ccc(N=CC(=O)N2CCOCC2C)cc1'],1.4469114542007446
795,['CC(=O)Nc1ccc(C2OCC(C)(C(=O)NN)O2)cc1'],1.5299867391586304
796,['CC(=NCC(=O)N1CCOCC1C)c1ccc2nccnc2c1'],1.4590829610824585
797,['CC(=O)NCc1cccc2c1OC(C)(C(=O)N1CCCCCCC1)O2'],1.5956560373306274
798,['CC(=O)NCc1cccc2c1CCC(C)(CN1CCCC1)C2'],1.5965632200241089
799,['Cc1noc(CN2Cc3ccccc3C2(C)C2CCCC(=O)C2)n1'],2.8563475608825684
800,['CC(CNC(=O)C1CC1C)Oc1ccccc1'],1.6585644483566284
801,['CCONC(=O)c1ccc(C[NH+]2CC3CC(N)C2C3)cc1'],1.6074668169021606
802,['CON=C(N)CC(=O)N1CCOCC1C'],2.437049150466919
803,['CC(CC(=O)NC1CC1C)=Nc1ccccc1'],1.660547137260437
804,['CC(=O)NCc1cccc2c1CCC(C)(N1CCCC1)C2'],1.5277396440505981
805,['CC1(N2CCCC2)CCc2cc(CNC(=O)CF)ccc2C1'],1.8484926223754883
806,['CNc1cccc2sc(CC(=O)N3CCOCC3C)nc12'],1.7153987884521484
807,['Cc1noc(-c2ccc(N3CC(C(=O)NC4CCCC4)NC3=O)cc2)n1'],1.6650949716567993
808,['Cc1noc(-c2ccc(NC(=O)C34CCC(CC3)C4)cc2)n1'],14.185015678405762
809,['CC(=O)NCc1cccc2c1OC(C)(C(=O)N1CCCCCCC1)O2'],1.5956560373306274
810,['CC1CC([NH3+])(C(=O)NC(C)c2cccc3ccccc23)CC[NH2+]1'],1.486735224723816
811,['CC1CC1NC(=O)Cc1nc2ccccc2s1'],1.5174767971038818
812,['CC1CC1C(=O)NCC1(C)Cc2ccccc2CO1'],1.5646225214004517
813,['Cc1noc(Cn2c(=O)[nH]c3ccc(C(=O)NC4CC4)cc32)n1'],1.5512574911117554
814,['Cc1noc(Cn2c(=O)[nH]c3ccc(C(=O)NC4CC4)cc32)n1'],1.5512574911117554
815,['Cc1noc(Cn2c(=O)[nH]c3ccc(C(=O)N4CCOCC4)cc32)n1'],1.56647527217865
816,['COc1cc(NC(=O)C2CNC(=O)C2)cc(-c2nc(C)no2)c1'],1.4873391389846802
817,['Cc1cccc(NC(=O)C2CN(Cc3nc(C)no3)C(=O)N2)c1'],1.491599440574646
818,['Cc1occc1CN1CC(C)(c2ccccc2)NC1=O'],1.5992258787155151
819,['Cc1noc(CN2CCCC2C(=O)NO)n1'],1.4795626401901245
820,['Cc1ccc(NC(=O)CC2Cc3ccccc3C2)o1'],1.643396258354187
821,['CC(=O)Nc1ccc(CC(=O)N2CCC3[NH2+]C(CC3[NH3+])C2)cc1'],15.176480293273926
822,['Cc1noc(Cn2c(=O)[nH]c3c(C(=O)N4CCOCC4)cccc32)n1'],1.6228845119476318
823,['COc1ccc(C(C)N2CN(Cc3nc(C)no3)CC2=O)cc1'],1.4308620691299438
824,['Cc1noc(Cn2c(=O)[nH]c3c(C(=O)NC4CC4)cccc32)n1'],1.548846960067749
825,['CCONC(=O)c1ccc(Cn2cc[nH+]c2)cc1'],1.830897331237793
826,['CC1CC(NC(=O)CC(N)=O)CC2(CCCCC2)[NH2+]1'],1.4809423685073853
827,['Cc1noc(CN2CC(c3ccc(C(=O)NC4CC4)cc3)NC2=O)n1'],1.630915880203247
828,['CC(=O)Nc1cccc(CC(=O)N2CC3CCCCC3C2)c1'],1.6161762475967407
829,['Cc1noc(Cn2c(=O)[nH]c3c(C(=O)NC4CC4)cccc32)n1'],1.548846960067749
830,['CC(CN1CCOCC1)=NC(=O)c1[nH]c(=O)ccc1C'],1.4676612615585327
831,['CC(c1ccsc1)[NH+]1CCC(CNC(=O)C2CCCC2)CC1'],1.599340558052063
832,['Cc1noc(Cn2c(=O)[nH]c3c(C(=O)NC4CC4)cccc32)n1'],1.548846960067749
833,['Cc1noc(CN2Cc3ccccc3C2(C)C(=O)NC2CCS(=O)(=O)C2)n1'],1.533941388130188
834,['Cc1noc(CN2Cc3ccc(C(=O)N4CCSCC4)cc3C2=O)n1'],1.4807955026626587
835,['Cc1noc(-c2ccc(NC(=O)C3CN(C)C(=O)N3)cc2)n1'],1.4701884984970093
836,['CC1CC(NC(=O)C(C)c2ccc3ccccc3c2)CC[NH2+]1'],3.779888391494751
837,['Cc1noc(-c2ccc(N3CC(C(=O)NC4CC4)NC3=O)cc2)n1'],1.588365912437439
838,['CC(CNC(=O)C1CC1C)Oc1ccccc1'],1.6585644483566284
839,['Cc1noc(Cn2c(=O)[nH]c3c(C(=O)NC4CC4)cccc32)n1'],1.548846960067749
840,['CCC(=O)NCc1cccc2c1CCC(C)([N+](=O)[O-])C2'],1.4517070055007935
841,['CCONC(=O)c1ncsc1NCc1ccc(I)cc1'],1.6121114492416382
842,['CCONC(=O)c1ccc(Cn2c([N+](=O)[O-])nccc2=O)cc1'],1.589460015296936
843,['Cc1noc(CN2CC(c3ccc(N(C)C)cc3)NC2=O)n1'],1.4895423650741577
844,['Cc1cc(C)c(NC(=O)CC2CCN(S(=O)(=O)c3ccccc3)CC2)o1'],4.053256511688232
845,['Cc1noc(CN2Cc3c(C(=O)NO)cccc3C2=O)n1'],1.4930344820022583
846,['Cc1occc1NC(=O)CC1(C)Cc2ccccc2C1'],1.9249334335327148
847,['Cc1ccc(C(=O)NCc2cccc3c2OCO3)cn1'],1.4136122465133667
848,['CC1COCCN1C(=O)Cc1nc2ccccc2s1'],1.3803634643554688
849,['Cc1noc(-c2cccc(NC(=O)C3CC4CC(C)C3C4)c2)n1'],15.176685333251953
850,['COc1ccc(C2(C)CN(Cc3nc(C)no3)C(=O)N2)cc1'],1.5296181440353394
851,['CC[NH+](C)C1(C)CCc2c(CNC(=O)C=O)cccc2C1'],1.5650944709777832
852,['CC[NH+](C)C1CCc2c(CNC(=O)C3(C)CC4CCC3O4)cccc2C1'],1.6894314289093018
853,['CC(=O)NCc1cccc2c1CCC(C)([NH+](C)C)C2'],1.4867912530899048
854,['CCONC(=O)c1csc(CNc2cccc3occc23)n1'],1.6216660737991333
855,['CC(=O)Nc1ccc(C(=O)NOCc2cscn2)cc1'],1.4797369241714478
856,['CC(=O)NCc1ccc(OC(C)c2cn3c([nH+]2)CCC3)cc1'],1.3255804777145386
857,['CCC1(C(=O)NC2CC[NH2+]C(C)C2)CC1'],1.585067629814148
858,['CC1CC1C(=O)NCC1(C)C[NH2+]Cc2ccccc2O1'],1.5720423460006714
859,['Cc1noc(-c2ccc(NC(=O)C3CN(CC4CC4)C(=O)N3)cc2)n1'],1.6515746116638184
860,['Cc1noc(CN2CC(C(C)Nc3ccc(Br)cc3)NC2=O)n1'],1.5087803602218628
861,['CC(C)c1noc(CN2Cc3ccccc3C2=O)n1'],1.4331592321395874
862,['Cc1noc(CN2Cc3cccc(C(=O)NO)c3C2)n1'],1.4940192699432373
863,['Cc1noc(Cn2c(=O)[nH]c3c(C(=O)N4CCCC4)cccc32)n1'],1.438757061958313
864,['CC(=O)NCc1cccc2c1OC(C)(C(=O)NCc1ccccn1)O2'],1.550032138824463
865,['COC(=O)c1cccc2c1C1(CCCCC1)CN2Cc1nc(C)no1'],1.636208176612854
866,['Cc1noc(-c2cccc(NC(=O)CC34CCC(CC3)C4)c2)n1'],15.030695915222168
867,['Cc1noc(-c2ccc(NC(=O)C3CC4CCC3C4)cc2)n1'],13.601202964782715
868,['CC(=O)c1ccc(N=CC(=O)N2CCOCC2C)cc1'],1.4469114542007446
869,['CNc1cccc2sc(CC(=O)N3CCOCC3C)nc12'],1.7153987884521484
870,['Cc1noc(Cn2c(=O)[nH]c3c(C(=O)NC4CC4)cccc32)n1'],1.548846960067749
871,['Cc1noc(-c2ccc(N3CC(C(=O)NC4CC4)NC3=O)cc2)n1'],1.588365912437439
872,['Cc1oc2c(c1NC(=O)CC1Cc3ccccc3C1)[NH2+]CC=C2'],1.678390622138977
873,['CC1N=c2cnccc2=CN1C(C)C(=O)NCc1cccc2c1OCO2'],1.4859716892242432
874,['CC(=O)NCc1ccc(C(=O)N2CCC3[NH2+]C(CC3[NH3+])C2)cc1'],13.924731254577637
875,['Cc1noc(-c2ccc(NC(=O)C3CC(C)N(S(C)(=O)=O)C3)cc2)n1'],1.6615568399429321
876,['CC(N=CC(=O)N1CCOCC1C)c1cccc2c1COCCO2'],3.614716053009033
877,['Cc1noc(Cn2c(=O)[nH]c3c(C(=O)N(C)CC4CCOC4)cccc32)n1'],1.4055379629135132
878,['Cc1noc(CN2Cc3ccc(C(=O)NO)cc3C2)n1'],1.514487624168396
879,['Cc1noc(-c2ccc(N3CC(C(=O)NC4CC4)NC3=O)cc2)n1'],1.588365912437439
880,['CC(=O)Nc1ccc(C(=O)NOCc2cscn2)cc1'],1.4797369241714478
881,['Cc1noc(CN(C)C(=O)C2CC3CC(c4ccccc4)C2C3)n1'],2.030489206314087
882,['Cc1noc(Cn2c(=O)[nH]c3ccc(C(=O)NC4CC4)cc32)n1'],1.5512574911117554
883,['Cc1noc(Cn2c(=O)[nH]c3c(C(=O)NC4CC4)cccc32)n1'],1.548846960067749
884,['Cc1noc(Cn2c(=O)[nH]c3c(C(=O)NC4CCCC4)cccc32)n1'],1.5878875255584717
885,['Cc1noc(CN2Cc3ccccc3C2(C)C(=O)NC2CCCCC2)n1'],1.6814634799957275
886,['CC1NC(C(=O)Nc2ccc(-c3nc(C4CCC4)no3)cc2)NC1=O'],1.7429038286209106
887,['Cc1noc(CN2CC(c3ccc(C(=O)N4CCOCC4)cc3)NC2=O)n1'],1.5147814750671387
888,['CC1CC1C(=O)NCc1ccc2nc(C3CCCC3)oc2c1'],1.597674012184143
889,['CCOC(=O)c1ncn(CC(=O)[NH2+]C2CC3CCC2C3)n1'],1.5415092706680298
890,['CC1CC1NC(=O)CC(C)n1ccc2ccccc21'],1.4655994176864624
891,['CC(C)c1nc(CN2Cc3ccccc3C2=O)no1'],1.4299559593200684
892,['CCONC(=O)c1ccc(Cn2cnccc2=O)cc1'],1.5748099088668823
893,['Cc1noc(-c2ccc(N3CC(C(=O)N4CCOCC4)NC3=O)cc2)n1'],1.4271208047866821
894,['CC1(c2ncon2)OCC(c2cccc(NC(=O)C3CCSC3)c2)O1'],1.6936310529708862
895,['CCONC(=O)c1ncsc1NCc1ccccc1'],1.5460642576217651
896,['CCONC(=O)c1ccccc1Cn1cc[nH+]c1'],1.9276667833328247
897,['Cc1noc(Cn2c(=O)[nH]c3c(C(=O)NC4CC4)cccc32)n1'],1.548846960067749
898,['CC1COCC2(CCC2)N1C(=O)Cc1nc2c(NS(C)(=O)=O)cccc2s1'],1.6340922117233276
899,['CCNC(=O)c1ccc2[nH]c(=O)n(Cc3nc(C)no3)c2c1'],1.6648558378219604
900,['CC(=O)Nc1cccc(C2COC(C)(C(=O)N3CCCCCCC3)O2)c1'],1.6932843923568726
901,['CC(=O)Nc1ccc(C(=O)N2CCC(C3CCCCC3)C2)cc1'],1.7049487829208374
902,['CC(=O)NCc1cccc2c1OC(C)(C(=O)N1CCCCCCC1)O2'],1.5956560373306274
903,['CC1Oc2ccccc2C1NC(=O)Cc1nnc2ccccn12'],1.3409061431884766
904,['CCONC(=O)C(C)NCc1csc2c1COC2'],1.3823189735412598
905,['Cc1noc(CN2CC(C(=O)N3CCOC(C)C3)NC2=O)n1'],1.3266834020614624
906,['CC(=O)Nc1ccc(C(=O)N2CCC(C[NH+](C)C)CC2)cc1'],1.576431393623352
907,['CCONC(=O)c1ccc(CN2C=NC=CC2[N+](=O)[O-])cc1'],1.5013982057571411
908,['CC12CCC(C(=O)Nc3cccc(-c4nc(CS)no4)c3)(CC1)C2'],7.722288131713867
909,['CCONC(=O)c1csc(Nc2cccc(C)c2)n1'],1.6075019836425781
910,['Cc1noc(CN2CC(=O)N(C(C)c3ccc(F)cc3)C2)n1'],1.4169131517410278
911,['Cc1noc(CN2CC(C)(c3ccccc3F)NC2=O)n1'],1.5202889442443848
912,['Cc1noc(-c2ccc(NC(=O)C3CC4CC(C)C3C4)cc2)n1'],14.492932319641113
913,['Cc1noc(-c2ccc(NC(=O)C3CC(C)CN3S(C)(=O)=O)cc2)n1'],1.6675753593444824
914,['CC(=O)NCc1cccc2c1OC(C)(C(=O)N1CCCCCCC1)O2'],1.5956560373306274
915,['Cc1noc(-c2ccc(NC(=O)C3NC(=O)NC3C)cc2)n1'],1.5048168897628784
916,['CCONC(=O)c1csc(NCc2ccc(I)cc2)n1'],1.5839052200317383
917,['CC(=O)Nc1ccc(C(=O)N2CCC(C[NH+]3CCCCCC3)CC2)cc1'],1.5990307331085205
918,['Cc1noc(CN2c3ccccc3CC2(C)C(=O)NC2CCSC2)n1'],1.6015781164169312
919,['CC(C)Oc1csc(CN2CCCC(=O)C2)c1'],1.2963838577270508
920,['CCONC(=O)c1ccc(C[n+]2cc[nH]c2)cc1'],1.823087215423584
921,['CCONC(=O)c1csc(NCc2cccc3occc23)n1'],1.591077208518982
922,['Cc1noc(Cn2c(=O)[nH]c3c(C(=O)N4CCOCC4)cccc32)n1'],1.6228845119476318
923,['Cc1cocc1CNC(=O)C1CCCCN1S(=O)(=O)c1ccccc1'],1.8730827569961548
924,['CC1CC(NC(=O)C(C)c2cscc2-n2cnc3ccccc32)CC[NH2+]1'],7.028899669647217
925,['CC1CC1NC(=O)Cc1nc2ccccc2s1'],1.5174767971038818
926,['CCONC(=O)c1ccc(Cn2cccc2)cc1'],1.6089671850204468
927,['CC(=O)NCc1ccc2c(c1)CCC(C)(N1CCCC1)C2'],1.5012847185134888
928,['CC1CCCC[NH+]1C(C)C(=O)NCc1cccc2c1OCO2'],1.4714860916137695
929,['Cc1noc(CN2Cc3c(C(=O)NO)cccc3C2=O)n1'],1.4930344820022583
930,['CC(=O)NC1CC[NH2+]C(C(=O)COc2ccsc2)C1'],1.341658353805542
931,['CC(=O)Nc1cccc(C[NH+]2CC(C)(CO)C2)c1'],1.4711679220199585
932,['Cc1noc(Cn2c(=O)[nH]c3ccc(C(=O)N4CCCC4)cc32)n1'],1.4263538122177124
933,['Cc1noc(-c2ccc(NC(=O)C3NC(=O)CN3O)cc2)n1'],1.5430922508239746
934,['CC1CC(NC(=O)C(C)CN2CSc3ccccc32)CC[NH2+]1'],1.7233104705810547
935,['CC12CCC(C1)C(C(=O)Nc1cccc(-c3nc(CS)no3)c1)C2'],5.386471271514893
936,['CC(=O)Nc1ccc(CC(=O)N2CCC([NH+]3CCCCCC3)CC2)cc1'],1.4769920110702515
937,['CC(C)OCc1ccc(NC(=O)C2CC[NH2+]C2)cc1'],1.6002920866012573
938,['CCONC(=O)c1csc(NCc2ccc(I)cc2)n1'],1.5839052200317383
939,['CCNC(=O)c1ccc2[nH]c(=O)n(Cc3nc(C)no3)c2c1'],1.6648558378219604
940,['CCONC(=O)c1ccc(NC(C)c2nc3c(c(=O)[nH]2)C=CC3)cc1'],1.601328730583191
941,['Cc1noc(CN(C)C(=O)C2CC3CC(c4ccccc4)C2C3)n1'],2.030489206314087
942,['CC(=O)NCc1ccc(OC(C)c2cn3c([nH+]2)C[NH2+]CC3)cc1'],1.5053038597106934
943,['CC(F)C(=O)Nc1cccc(C[NH+]2CCC2C)c1'],1.550968050956726
944,['CC1COCC(C)N1C(=O)C=Nc1ccc(C(N)=O)cc1'],1.5628652572631836
945,['COc1cscc1C(C)C(=O)NC1C[NH2+]CC(C)C1'],1.403563380241394
946,['CC1CC(NC(=O)C(C)c2cscc2OCc2ccccc2)CC[NH2+]1'],1.471291184425354
947,['C=CC(=O)NCc1cccc2c1CCC(C)(N1CCCC1)C2'],1.570809245109558
948,['CC(=O)NCc1ccc(C(=O)N2CCC[NH+](C(C)C)CC2)cc1'],1.6551097631454468
949,['CC(=O)NCC1CCC2CCC(C)(C#N)CC2[NH2+]1'],1.4423580169677734
950,['Cc1noc(CNC(=O)C2C3CCC2C(c2ccccc2)C3)n1'],2.0681753158569336
951,['Cc1noc(-c2ccc(NC(=O)C3NCC(=O)N3)cc2)n1'],1.440320372581482
952,['CC(=O)NCc1ccc2c(c1)CCC([NH+](C)CC1CCNCC1)C2'],1.5923854112625122
953,['CONC(=O)C1CN(Cc2nc(C)no2)c2ccccc21'],1.4639402627944946
954,['Cc1noc(Cn2c(=O)[nH]c3c(C(=O)NCC4CCOC4)cccc32)n1'],1.409847378730774
955,['Cc1noc(-c2cccc(NC(=O)C3CC4CC(C)C3C4)c2)n1'],15.176685333251953
956,['CC1CC(NC(=O)C(C)c2cscc2Nc2nsc3ccccc23)CC[NH2+]1'],5.696439743041992
957,['CC1CC(NC(=O)C2CCCC(C(=O)NN)C2)CC[NH2+]1'],1.5677151679992676
958,['CC1COCC(C)(C)N1C(=O)Cc1nc2ccccc2s1'],1.5494697093963623
959,['CC1CC(NC(=O)C(C)c2ccc3ccccc3c2)CC[NH2+]1'],3.779888391494751
960,['CC1COCCN1C(=O)Cc1nc2ccc(NS(C)(=O)=O)cc2s1'],1.5236670970916748
961,['Cc1noc(-c2ccc(NC(=O)C3CNC(=O)C3)cc2)n1'],1.4531453847885132
962,['CC(C(=O)NCc1cccc2c1OCO2)N1CCCCC(C(F)F)CC1'],1.6386486291885376
963,['Cc1noc(CN2CC(c3ccc(N(C)C(=O)C4CCOC4)cc3)NC2=O)n1'],1.6145042181015015
964,['CC(=Cc1cccc2c1OCO2)C(=O)NC1CCC(C)[NH2+]C1'],1.3956178426742554
965,['Cc1cccc(NC(=O)C2CN(Cc3nc(C)no3)C(=O)N2)c1'],1.491599440574646
966,['Cc1noc(Cn2c(=O)[nH]c3ccc(C(=O)NC4CC4)cc32)n1'],1.5512574911117554
967,['CCONC(=O)c1csc(NCc2ccc3c(c2)COC3)n1'],1.4583338499069214
968,['CCONC(=O)c1ccc(Cn2cc[nH+]c2)cc1'],1.830897331237793
969,['CC1CC(NC(=O)C(C)c2cscc2OCc2ccccc2)CC[NH2+]1'],1.471291184425354
970,['Cc1noc(Cn2c(=O)[nH]c3ccc(C(=O)N4CCOCC4)cc32)n1'],1.56647527217865
971,['CC(=NO)c1ccc2c(c1)N(Cc1nc(C)no1)C(=O)C2'],1.472953200340271
972,['Cc1ccc(C2CN(C(=O)C[NH+]3CCSCC3)CCO2)cc1'],1.5269447565078735
973,['CC1CC1C(=O)Nc1nnc2c(n1)CC(c1ccccc1)CC2'],1.5209847688674927
974,['CCONC(=O)c1csc(NCc2ccc(I)cc2)n1'],1.5839052200317383
975,['CCONC(=O)c1ccc(Cn2cc[nH+]c2)cc1'],1.830897331237793
976,['CC(CNC(=O)C1CC1C)Oc1ccccc1'],1.6585644483566284
977,['Cc1ccncc1C(=O)NCc1cccc2c1OCO2'],1.4072871208190918
978,['CC1CC1NC(=O)Cc1nc2c(-n3cccn3)cccc2s1'],1.6578269004821777
979,['CC1NC(=O)NC1C(=O)Nc1ccc(-c2nc(CO)no2)cc1'],1.4593048095703125
980,['CC(=O)NCc1cccc2c1OC(C)(C(=O)N1CCCCCCC1)O2'],1.5956560373306274
981,['CC(=O)NCc1ccc(S(=O)(=O)N2CCCC(C3(C)OCCO3)C2)cc1'],1.6730749607086182
982,['O=C(NCc1nc(C2CC2)no1)c1ccc2c(c1)NCN2'],1.9932763576507568
983,['Cc1noc(-c2ccc(NC(=O)C3CN(C4CC4)C(=O)N3)cc2)n1'],1.584086298942566
984,['CC(=O)Nc1ccc(C[NH+]2CC(C)(CS)C2)cc1'],1.5321762561798096
985,['Cc1noc(CN2Cc3ccc(C(=O)NO)cc3C2=O)n1'],1.4898773431777954
986,['CNc1cccc2sc(CC(=O)N3CCOCC3C)nc12'],1.7153987884521484
987,['CC1COCC(C)N1C(=O)C=Nc1ccc(C2CCCNC2)cc1'],1.646863341331482
988,['Cc1noc(Cn2c(=O)[nH]c3ccc(C(=O)NC4CC4)cc32)n1'],1.5512574911117554
989,['CC1CCCC(NC(=O)C(C)c2cscc2OCc2ccccc2)[NH2+]1'],1.4422062635421753
990,['CC(C)N1C2CCC1CC([NH3+])(C(=O)NCc1cccc3c1CCC3)[NH2+]C2'],1.7616283893585205
991,['Cc1noc(Cn2c(=O)[nH]c3c(C(=O)N4CCCC4)cccc32)n1'],1.438757061958313
992,['CCONC(=O)c1noc(CN2C=CC=CC2C)n1'],1.458715558052063
993,['Cc1noc(Cn2c(=O)[nH]c3ccc(C(=O)N4CCCC4)cc32)n1'],1.4263538122177124
994,['CC1C(C)C1NC(=O)Cc1nc2cc(N3CCCCC3)ccc2o1'],1.4522720575332642
995,['Cc1noc(Cn2c(=O)[nH]c3c(C(=O)N4CCCC4)cccc32)n1'],1.438757061958313
996,['Cc1noc(CN2Cc3cccc(C(=O)NO)c3C2)n1'],1.4940192699432373
997,['Cc1noc(CN2Cc3c(C(=O)N4CCSCC4)cccc3C2=O)n1'],1.4871124029159546
998,['Cc1noc(-c2ccc(NC(=O)C3CC(C)CN3S(C)(=O)=O)cc2)n1'],1.6675753593444824
999,['Cc1noc(-c2ccc(NC(=O)C3NC(=O)CN3C)cc2)n1'],1.4671903848648071
