,Molecule,Activity
0,['COc1ccccc1OCC(=O)Nc1nc(C)c(C)s1'],1.6830041408538818
1,['Cc1ccc(C(=O)NCCCN2CCOCC2)cc1'],1.56647527217865
2,['CSc1ccc(C(=O)NC2C[N+]3(C4CC[NH2+]CC4)CCC2CC3)cc1'],1.6228370666503906
3,['CCOC(=O)N1CCC(N2CC34C=CC(O3)C(C(=O)Nc3ccc(C)cc3)C4C2=O)CC1'],13.601202964782715
4,['CC(NC(=O)CCl)c1ccc(Cl)c(Cl)c1'],1.7522053718566895
5,['CCOC(=O)CN1CC23C=CC(O2)C(C(=O)Nc2ccc4c(c2)OCO4)C3C1=O'],1.5548030138015747
6,['COC(=O)c1ccc(COC(=O)c2cnc(Cl)c(Cl)c2)cc1'],1.4779499769210815
7,['O=C(Cc1ccccc1Cl)Nc1ccc(-c2coc(=O)c3ccccc23)c(Cl)c1'],1.4930344820022583
8,['Cc1cccc(NS(=O)(=O)c2nnc(NC(=O)c3ccc(Cl)cc3)s2)c1'],1.5512574911117554
9,['O=C1C(=O)N(CC2COc3ccccc3O2)c2ccccc21'],1.548846960067749
10,['Cc1ccc(C)c(OC(C)C(=O)Nc2nccs2)c1'],1.6201355457305908
11,['Cc1ccc(Nc2nc(N3CCOCC3)nc(N)c2[N+](=O)[O-])cc1C'],1.4018582105636597
12,['COc1ccc(NC(=O)C(=O)N2N=C(C(C)C)CC2(O)C(F)(F)F)cc1'],1.748124599456787
13,['NNc1nc2ccc(Oc3ccccc3C(=O)[O-])cc2c(=O)n1-c1ccccc1'],1.4486039876937866
14,['O=[N+]([O-])c1ccccc1C=NN1C(=S)N=NC1C=Cc1ccccc1'],1.5470329523086548
15,['CCN1C(=O)C(CC(=O)NNc2ccccc2C)S2(C=CC=C2)C1=NC'],1.7429038286209106
16,['COc1ccc(S(=O)(=O)N2CCN(C(=O)Nc3ccccc3OC)CC2)cc1'],1.7526963949203491
17,['COc1ccccc1N1CCN(S(=O)(=O)c2ccc(Br)s2)CC1'],1.5698773860931396
18,['O=C(NC1CCN(c2ncccn2)CC1)c1ccccc1F'],1.5512574911117554
19,['O=C(NN1C(=O)C(=Cc2ccccc2O)SC1=S)c1ccccc1O'],1.5742393732070923
20,['Cc1ccc(S(=O)(=O)N2CCN(c3ccc(N4CCOCC4)c(NCC[NH+](C)C)c3)CC2)cc1'],1.4940192699432373
21,['CCOc1ccc(OCCSc2nc(C)cc(=O)[nH]2)cc1'],3.779888391494751
22,['C=CCc1cc(C=C2NC(=O)N(CC(=O)OC)C2=O)cc(OC)c1O'],1.5140104293823242
23,['COc1cc(C2CC(c3cccs3)=NN2C(=O)CCl)ccc1OC(F)F'],1.4022550582885742
24,['Cc1ccc(NC(=O)CCC(=O)OCC(=O)c2ccc(Oc3ccc([N+](=O)[O-])cc3)cc2)c(C)c1'],1.548846960067749
25,['CCOC(=O)c1ccc(NC(=O)CN2C(=O)C(CC)SC3(CC)C=CC=CC23)cc1'],1.8316504955291748
26,['COc1cccc(N=C2NC(=O)C(=Cc3cc([N+](=O)[O-])ccc3O)S2)c1'],1.410017728805542
27,['CC(C)C(NS(=O)(=O)c1ccccc1)C(=O)OCC(=O)Nc1ccccc1Sc1ccccc1'],14.492932319641113
28,['Cc1ccc(CS(=O)(=O)c2ccc(C(=O)N3CCN(c4ccccn4)CC3)cc2[N+](=O)[O-])cc1'],1.4371315240859985
29,['O=C(CSc1ccc(F)cc1)Nc1ccc2c(c1)C(=O)NC2=O'],1.7984164953231812
30,['Cc1ccc(C(=O)NCCN2CCOCC2)cc1C'],1.5203840732574463
31,['O=C(CCS(=O)(=O)c1cc2c(cc1Cl)NC(=O)CO2)NCc1ccccc1'],1.8475109338760376
32,['CC(=NN=c1sccn1C(=O)Nc1ccc(Cl)cc1)C(=O)[NH+](C)C'],1.5003774166107178
33,['Cc1ccc(C(=O)N2CCN(c3ccccn3)CC2)s1'],1.6012893915176392
34,['Cc1sc2cccc(C)c2c1C(=O)N(C#N)S(=O)(=O)c1cccc(C(F)(F)F)c1'],10.88131046295166
35,['CCCCOc1ccc(C2NC(=S)N(c3ccc(OC(F)F)cc3)C2=O)cc1'],1.6515746116638184
36,['CC(=O)N(C)c1ccc(NS(=O)(=O)c2cc(Cl)ccc2Cl)cc1'],1.5839052200317383
37,['CC(=NN=c1sccn1C(=O)Nc1ccc(Cl)cc1)C(=O)[NH+](C)C'],1.4850080013275146
38,['O=C1NC(c2nccs2)=NC23C=CC(Br)=CC12SC(O)(C(F)(F)F)N3'],1.5169914960861206
39,['COc1ccc(S(=O)(=O)N2CCN(C(=O)Nc3ccccc3OC)CC2)cc1'],1.9046345949172974
40,['Cc1cc(NC(=O)COC(=O)C(Nc2ccc(C(F)(F)F)cc2Cl)C(C)C)no1'],1.547907829284668
41,['COC(=O)c1ccc(N2CCN(C)CC2)c(NC(=O)c2ccc(-c3ccc(Cl)cc3)o2)c1'],1.5512574911117554
42,['Cc1ccc(S(=O)(=O)NNc2nc(C)cc(N)n2)cc1'],1.5520530939102173
43,['CCNC(=O)CC1C(=O)N(CC)C(=S)N1NC(=O)c1ccccc1'],1.548846960067749
44,['Cc1ccccc1NS(=O)(=O)c1ccc(OCC(=O)N2CCCCC2)cc1'],1.6002426147460938
45,['CCc1ccc2c(c1)C1(NCC(=O)NC3COCCN3)C=C(Cl)C=CC1N2CC'],1.9005316495895386
46,['COC(=O)COc1ccc(C(c2nc3ccc(C)cc3[nH]c2=O)C(C)C)cc1Cl'],1.5075201988220215
47,['NS(=O)(=O)c1cc(Cl)ccc1NCc1ccccc1OCc1ccccc1F'],1.6645572185516357
48,['COc1ccccc1C=C1SC(=S)N(CCC(=O)NNC(=O)c2ccccc2O)C1=O'],1.5174767971038818
49,['C=CCc1c(C)nc(C)nc1NN=Cc1ccc(N(C)C)cc1'],1.5120084285736084
50,['O=C(CN1Cc2ccccc2C1=O)NCCc1ccc(F)cc1'],1.522969126701355
51,['COC(=O)CN(c1cc(C(F)(F)F)ccc1Cl)S(C)(=O)=O'],1.9719499349594116
52,['CCCCN(C)C(=O)c1ccc(S(=O)(=O)N2CC(C)Oc3ccccc32)o1'],1.830897331237793
53,['O=C1C(=O)N(CC=Cc2ccccc2)c2ccccc21'],1.5430922508239746
54,['O=C(CCCCCN1C(=O)NC2(CCCC2)C1=O)Nc1ccc2ccccc2c1'],1.9276667833328247
55,['O=C(NN1C(=O)C(=Cc2ccccc2O)SC1=S)c1ccccc1O'],9.860224723815918
56,['O=C(Nn1cnc2sccc2c1=O)c1ccc2c(c1)OCC2'],2.0004379749298096
57,['CN(Cc1ccc(F)cc1)C(=O)c1nnc(NS(=O)(=O)c2ccccc2Br)s1'],1.4438849687576294
58,['CC(C)C(=O)NC(=S)Nc1ccc(S(=O)(=O)Nc2nccs2)cc1'],1.4812546968460083
59,['C=CCN1C(=O)C=CC1=O'],2.0148112773895264
60,['CCOC(=O)c1c(C(C)=O)csc1Cc1ccccc1C(=O)NC'],1.621039867401123
61,['CC(=O)n1ccc2cc(C(=O)N3CCN(Cc4ccccc4F)CC3)ccc21'],1.5662778615951538
62,['CCc1cc(C(=O)NCc2ccc(Cl)cc2)c(C(=O)c2cccs2)s1'],1.4808019399642944
63,['Cc1[nH]c(=O)[nH]c(=O)c1CSCC(=O)C(=O)Oc1ccc(Br)cc1'],1.542386531829834
64,['O=C1c2oc(-c3ccc(F)cc3)cc(=O)c2C(Cc2ccc(F)cc2)N1CCN1CCOCC1'],1.546759009361267
65,['CCOC(=O)C(=Cc1cccc(NC(N)=O)n1)NC(C)=O'],1.548846960067749
66,['CC(=NN=c1sccn1C(=O)Nc1cccc(Cl)c1)C(=O)[NH+](C)C'],1.3933435678482056
67,['COc1ccc(C(N)=NOC(=O)CSc2ccccc2)cc1OC'],1.823087215423584
68,['CCOc1ccc(C2(O)C(C(=O)c3ccc(C)o3)=CC(=O)N2c2ncc(C)s2)cc1'],1.4208734035491943
69,['O=C(CN1C(=O)SC(=Cc2ccccc2O)C1=O)NC(=O)c1cccs1'],1.64053475856781
70,['O=C(NCCSCc1ccco1)Nc1ccccc1'],1.5512574911117554
71,['Cc1ccccc1CC(=O)N(CCN1CCCC(CN(C)C)C1)Cc1ccccc1F'],1.4797369241714478
72,['Cc1cc(C)cc(C(=O)NCC(=O)OCC(=O)Nc2cccnc2Cl)c1'],1.5921446084976196
73,['C=CCNC(=O)CC1C(=O)NCCN1Cc1ccc(-c2ccccc2)cc1'],1.823087215423584
74,['Cc1ccc(F)c(C(=O)N2CCN(C)CC2)c1Cl'],2.030489206314087
75,['O=C(CSc1cccc[n+]1[O-])NC(c1ccccc1)c1ccc2ccccc2c1'],1.4661253690719604
76,['N#Cc1nn(C=Nc2ccc(S(N)(=O)=O)cc2)c2ccccc12'],1.4807955026626587
77,['COc1cc(C(=O)Nc2ccc(N3CCN(C(=O)c4ccc(C)cc4)CC3)cc2)cc(OC)c1OC'],1.6068733930587769
78,['CN(C)c1ccc2c3cc(O)ccc3c(=O)n(C)c2c1'],1.5305771827697754
79,['COc1ccc(N2CCN(C(=O)c3cc[nH]c(=O)c3)c3ccccc32)cc1'],1.548846960067749
80,['O=C([O-])C1CCCCN1C(=O)CCCN1C(=O)SC(=Cc2cccc(Cl)c2)C1=S'],14.185015678405762
81,['O=C(Cc1ccc(Cl)c(Cl)c1)Nc1cccnc1'],1.5609999895095825
82,['Cc1ccc(NC(=O)CN2CCC(C(F)(F)F)CC2)c(Cl)c1'],1.6075019836425781
83,['NC(=O)Nc1ccccc1C(=O)NCCc1ccccc1'],1.72725510597229
84,['COc1ccccc1OCCNC(=O)c1cc(=O)[nH]c2ccccc12'],1.5748099088668823
85,['O=C1C=CC(=O)N1CN(C(=O)COc1ccccc1)c1ccccc1'],1.699101448059082
86,['CNCCOc1ccccc1C(C)(C)C'],1.5430922508239746
87,['CSc1ncccc1C(=O)N1CCN(S(=O)(=O)c2ccc(F)cc2)CC1'],1.3797186613082886
88,['CC(=O)c1cccc(NS(=O)(=O)c2cccc(NC=CC(=O)c3ccc(F)cc3)c2)c1'],1.5171222686767578
89,['Cc1oc(-c2cc(F)cc(F)c2)cc1S(=O)(=O)Nc1ccc(F)c(C(F)(F)F)c1'],1.47903573513031
90,['O=C(CCl)Nc1ccccc1C(=O)c1ccccc1'],15.395352363586426
91,['Cc1ccc(C(=O)NC(=S)Nc2ccccc2C(F)(F)F)cc1C'],1.5956560373306274
92,['CCOC(=O)C1CCN(S(=O)(=O)c2ccc(OC)c(Cl)c2)CC1'],1.5512574911117554
93,['COc1ccc(Cl)cc1NC(=O)CN1CCN(C(=O)N2CCOCC2)CC1'],15.395352363586426
94,['CCC1N2C(=O)c3ccccc3C2C(c2ccc(F)cc2)C12C(=O)C(=O)N(C1CCCC1)C2=O'],1.440320372581482
95,['CC(=O)N(C)c1ccc(NS(=O)(=O)c2cc(Cl)ccc2Cl)cc1'],1.5461006164550781
96,['COc1cc(NC(=O)c2cc(Cl)nnc2Cl)cc(OC)c1OC'],1.7115901708602905
97,['O=C(C=Cc1c(F)cccc1Cl)Nc1cccnc1'],1.49844229221344
98,['O=C(CCl)N=c1sccn1Cc1ccccc1Cl'],1.5120084285736084
99,['O=C1C(=O)N(CC2COc3ccccc3O2)c2ccccc21'],1.7280651330947876
100,['CCOC(=O)N1CCN(C(=O)CCc2ccc(S(=O)(=O)NC(C)C)cc2)CC1'],1.5713502168655396
101,['O=C1C(=O)N(CC2COc3ccccc3O2)c2ccccc21'],1.4639791250228882
102,['COc1ccc(C(C)=NN2CCOCC2)c(O)c1'],1.5347540378570557
103,['Cc1ccc(NC(CNS(=O)(=O)c2ccc(Cl)cc2)c2ccccc2)cc1'],1.4234402179718018
104,['Cc1ccc(Nc2nc(N3CCOCC3)nc(N)c2[N+](=O)[O-])cc1C'],3.8291637897491455
105,['O=C1ON=C(c2ccccc2)C1=Cc1ccc(-c2ccccc2[N+](=O)[O-])o1'],1.3165030479431152
106,['Cc1ccccc1N1CCN(C(=O)c2ccc(Oc3ccc(C(F)(F)F)cn3)cc2)CC1'],1.588365912437439
107,['COc1cc(C(=O)Nc2cccc(C)c2)cc(NC(=O)Nc2cccs2)c1OC'],1.4469114542007446
108,['O=C(CNC(=O)Nc1ccc(F)cc1)Nn1cnc2ccccc2c1=O'],1.4818955659866333
109,['CC1CCN(S(=O)(=O)c2ccc3c(c2)c(N=C2SC(C)C(=O)N2C)nn3-c2ccc(Cl)cc2)CC1'],1.466883659362793
110,['CC1CN(C=NOc2ccc([N+](=O)[O-])cc2)c2ccccc2C1C'],1.5348657369613647
111,['CC(C)=CCCC(C)=CC(=O)NN=Cc1ccccc1[N+](=O)[O-]'],1.6215699911117554
112,['COc1ccc(C2C(C(=O)Nc3ccccc3)=C(C)N=C(N)N2N=Cc2ccc(Br)cc2)cc1OC'],1.4485238790512085
113,['Cc1cc(=O)oc2cc(NC(=O)c3ccccc3OC(F)F)ccc12'],14.492932319641113
114,['CC(=O)NC1C(=O)N(CCN2CCOCC2)c2ccc(Cl)cc21'],1.411584496498108
115,['COC(=O)c1cc(NC(=O)Cc2ccccc2[N+](=O)[O-])ccc1Cl'],4.818449020385742
116,['CC(C)CN1CN(C2CC2)C(=O)C(C(=O)CSc2ccc(S(C)(=O)=O)cc2)=C1N'],12.522818565368652
117,['Cc1c(C)c(C)c(S(=O)(=O)N2CCN(C(=O)c3cc[nH]c(=O)c3)CC2)c(C)c1C'],1.411584496498108
118,['O=C(C=Cc1c(F)cccc1Cl)Nc1cccnc1'],8.418967247009277
119,['Cc1ccc(S(=O)(=O)N=C(N)Nc2cc(C)c(C)cc2C)cc1'],1.4161297082901
120,['Cc1cccc(C)c1NC(=O)CC(C)c1ccccc1'],1.4805833101272583
121,['COc1ccc(C2CO2)cc1'],1.650136113166809
122,['CCc1cccc(NC(=O)C(NC(=O)C2CCCCC2)C(C)C)c1'],1.548846960067749
123,['O=C(NCc1cccnc1)Nc1cccc(C(F)(F)F)c1'],1.5256394147872925
124,['Cc1ccc2c(C(=O)Nc3cc4c(N5CCOCC5)nc(C)nc4s3)c(C)ccc2n1'],1.6744019985198975
125,['CC(=O)NC1=NN(CC(=O)N2CCC(OC3CC[NH2+]CC3)CC2)CS1'],1.5233646631240845
126,['CC(Sc1ccc2c(c1)OCO2)C(=O)Nc1nc(-c2ccccc2)cs1'],1.6859685182571411
127,['Cn1c(=O)c2c(=O)n(-c3ccccc3)c(Nc3ccc(F)cc3)cc2n(C)c1=O'],1.548846960067749
128,['COC(=O)C1=C(C)Nc2ncnn2C1c1ccc(-c2ccccc2C(=O)[O-])o1'],1.4797369241714478
129,['CCC(=O)Nc1sc2c(c1C#N)CCCCC2'],1.4592928886413574
130,['CCN1CCN(C(Cc2ccc(C(F)(F)F)cc2)c2ccc(C)cc2)C1=O'],1.512420415878296
131,['CCOC(=O)COc1ccc(S(=O)(=O)Nc2ccc(OC)cc2)cc1'],14.185015678405762
132,['COc1ccc(Nc2oc(COc3ccc(C)cc3)nc2C#N)cc1'],1.4638473987579346
133,['COc1cc(C=NNC(=O)c2cc(OC)cc(OC)c2)cc(OCc2ccc(F)cc2)c1'],1.5512574911117554
134,['O=C(Nc1cccc2c1CCC2)c1cccnc1'],1.4103220701217651
135,['Cc1ccc2cc(CN(Cc3ccco3)C(=O)c3cccs3)c(=O)[nH]c2c1'],1.3330364227294922
136,['NNc1nc2ccc(Oc3ccccc3C(=O)[O-])cc2c(=O)n1-c1ccccc1'],1.615249752998352
137,['O=C(CN1C(=O)SC(=Cc2ccccc2O)C1=O)NC(=O)c1cccs1'],1.5748099088668823
138,['Cc1ccc(NC(=S)NNC(=O)c2ccc(S(=O)(=O)Nc3ccc(C)cc3)c([N+](=O)[O-])c2)cc1'],1.6328095197677612
139,['Cc1ccc(O)c(Nc2ccnc(-c3ccccc3)n2)c1'],1.6112492084503174
140,['CCN1CCN(C(Cc2ccc(C(F)(F)F)cc2)c2ccc(C)cc2)C1=O'],1.9276667833328247
141,['O=C(Cc1ccc(Cl)c(Cl)c1)Nc1cccnc1'],1.466883659362793
142,['Cc1nc(-c2ccc(S(=O)(=O)N3CCN(c4ccccc4)CC3)cc2)co1'],1.5203840732574463
143,['CCc1ccc2c(c1)C1(NCC(=O)NC3COCCN3)C=C(Cl)C=CC1N2CC'],1.4263538122177124
144,['CC1c2ccccc2OC(Nc2ccc(N=Nc3ccccc3)cc2O)C1O'],14.056965827941895
145,['CC(C)c1ccc(N(C(=O)c2ccco2)C(C(=O)NC2CCCC2)c2cccnc2)cc1'],1.4794715642929077
146,['Fc1ccc(NC(=S)Nc2cccnc2)c(F)c1F'],1.7068942785263062
147,['Nc1c(S(=O)(=O)c2ccccc2)csc1C(=O)O'],1.426148533821106
148,['O=C(NCCSCc1ccco1)Nc1ccccc1'],1.4797369241714478
149,['CN(CCc1ccccc1)C(=O)c1cc(COc2cccc(C(F)(F)F)c2)on1'],1.5461006164550781
150,['NC(=O)c1cc(-c2ccccc2)sc1NC(=O)Cc1ccc(S(=O)(=O)N2CCOCC2)s1'],14.492932319641113
151,['COc1cccc(OC)c1C(=O)N1CCN(S(=O)(=O)c2ccccc2)CC1'],1.5931103229522705
152,['O=c1cc(-c2ccc(Cl)cc2)[nH][nH]1'],1.8141390085220337
153,['Nc1ccc(O)c(C(c2ccccc2)(C(O)(O)C(F)(F)F)C(O)(C(F)(F)F)C(F)(F)F)c1'],1.588365912437439
154,['CCC(C)c1ccc(N(C(=O)c2ccco2)C(C(=O)NC2CCCC2)c2cccnc2)cc1'],1.8119220733642578
155,['N#Cc1nn(C=Nc2ccc(S(N)(=O)=O)cc2)c2ccccc12'],1.4517070055007935
156,['Cc1cccc(N2CCN(C(=O)CCS(=O)(=O)c3ccc4c(C)c(C)[nH]c4c3)CC2)c1'],1.5967804193496704
157,['COc1cc(C(=O)NCCC(=O)NC2CCCCC2)cc(OC)c1OC'],3.779888391494751
158,['Cc1nnc(SCC(=O)NN=Cc2ccc(-c3ccc(C)c(Cl)c3)o2)s1'],1.5461006164550781
159,['COC(=O)c1cnc(Oc2c(Cl)cc(N)cc2Cl)cc1C(F)(F)F'],1.4509782791137695
160,['Cc1oc(-c2cc(F)cc(F)c2)cc1S(=O)(=O)Nc1ccc(F)c(C(F)(F)F)c1'],1.458396077156067
161,['CN1CCC(CNC(=O)Nc2ccccc2)(c2ccccc2)CC1'],1.4124869108200073
162,['CCOC(=O)c1cc(-c2ccccc2)sc1N'],4.82401704788208
163,['CC(=O)c1ccc(N(C(=O)c2ccco2)C(C(=O)NC2CCCC2)c2ccc(O)cc2)cc1'],1.5059183835983276
164,['CNC(=O)CN(C(=O)COc1ccc2ccc(=O)oc2c1Cl)c1ccccc1'],1.549250602722168
165,['NC(=O)c1ccc(CC(N)C(=O)N(CCO)CC2(CS)CCCCC2)cc1'],1.422894835472107
166,['Cn1c(COc2ccc(Cl)cc2)nc2ccccc2c1=O'],1.4167542457580566
167,['O=C(NNC(=O)N(CC(Cl)Cl)c1ccccc1)c1ccccc1'],3.779888391494751
168,['COC(=O)c1cc(NC(=O)CN(c2ccc(Cl)cc2)S(=O)(=O)c2ccccc2)ccc1OC'],1.5221010446548462
169,['O=C([O-])c1cccc(-c2ccc(O)c(SCC(=O)N(c3ccccc3)C3(CO)CCCCCC3)c2)c1'],15.219419479370117
170,['CSc1cccc(NC(=O)Cc2ccccc2[N+](=O)[O-])c1'],1.548846960067749
171,['N#CCSc1sc(C#N)c(-c2ccccc2)c1NC(=O)Cc1ccccc1'],1.5470329523086548
172,['CCc1ccc(N(C(=O)c2cccnc2)C(C(=O)NC2CCOC2)c2ccccc2)cc1'],3.8291637897491455
173,['COc1ccc(NC(=O)c2noc(C)c2[N+](=O)[O-])cc1OC'],2.256521463394165
174,['CCOc1ccc(C2(O)C(C(=O)c3ccc(C)o3)=CC(=O)N2c2ncc(C)s2)cc1'],1.467178463935852
175,['Cc1occc1C(=O)NNC(=O)COc1ccc(Br)cc1Br'],1.570259928703308
176,['Nc1cc(C(=O)Oc2ccccc2)cc2c(-c3ccccc3)n[nH]c12'],2.0373315811157227
177,['CCC(=O)n1ccc2cc(S(=O)(=O)NCCC(=O)Nc3ccccc3C)ccc21'],1.514487624168396
178,['COc1ccc(-n2nc(C(=O)NCC(O)c3ccc(OC)c(Cl)c3)c(N)c(Cl)c2=O)cc1'],1.7175081968307495
179,['O=C(COc1ccccc1)N=C1SC2CS(=O)(=O)CC2N1c1ccc(F)cc1'],1.534494400024414
180,['COc1ccc(S(=O)(=O)Nc2ccn(CSC(=O)C(C)OC)n2)cc1'],1.572586178779602
181,['CC1CCCC(C)N1S(=O)(=O)c1ccc(NC(=O)CCn2cnc3ccccc3c2=O)cc1'],1.4639791250228882
182,['O=C(O)c1ccc2ncsc2c1'],1.8036651611328125
183,['O=C(O)c1ccc2ncsc2c1'],1.5791313648223877
184,['COc1ccc(C(=O)Oc2ccc(C(C)=O)cc2)c(OC)c1'],1.724548578262329
185,['CCOc1cc(C(N)=O)cc(Br)c1OC'],13.924731254577637
186,['Cc1cc(NC(=O)Cn2nc(-c3ccco3)oc2=O)ccc1N=NC(C)C'],1.4208734035491943
187,['O=C(Nc1ccccc1)Nc1ccc(Oc2cccnc2)nc1'],1.496261715888977
188,['NC(=O)C(c1ccccc1)N1CCCc2ccc(NC(=O)C(F)(F)F)cc21'],1.588365912437439
189,['O=C(Oc1ccc(Cl)cc1N1CCCC1=O)c1ccc(Cl)o1'],1.4018582105636597
190,['O=C(c1cncc(Br)c1)N1CCN(S(=O)(=O)c2ccccc2C(F)(F)F)CC1'],1.4221552610397339
191,['Cc1cc(=O)oc2cc(NC(=O)c3ccccc3OC(F)F)ccc12'],1.438757061958313
192,['CCN(CC)CCOC(=O)c1ccc([N+](=O)[O-])cc1'],8.15364933013916
193,['O=C(c1cc[nH]c(=O)c1)N1CCN(c2ccccc2)c2ccccc21'],1.5807527303695679
194,['Cc1ccc(C2=NN(C(=O)CCl)C(c3ccco3)C2)o1'],1.4898773431777954
195,['CCc1nnc(NS(=O)(=O)c2ccc(NC(=O)C=Cc3ccccc3Cl)cc2)s1'],1.9249334335327148
196,['Cc1ccc(N2CCN(C(=O)CCC3CCCC3)CC2)nc1N'],2.1939549446105957
197,['O=S(=O)(c1ccccc1)c1cccc(NC(=S)N2CCN(C(F)F)CC2)c1'],1.5956560373306274
198,['Cc1nc(-c2cccc(Cl)c2)cc(C(=O)OCC(=O)N(C)C2CCS(=O)(=O)C2)c1C'],1.5713502168655396
199,['CC(C)(CC(=O)NC(c1ccccc1O)c1ccccc1Cl)c1ccccc1'],1.6164401769638062
200,['CNc1ccc(Br)cc(C(=O)C=Cc2cccc(I)c2)c1=O'],1.5453838109970093
201,['N#CCCNS(=O)(=O)c1ccc(C(=O)OCC(=O)Cc2ccccc2)cc1'],1.409847378730774
202,['Cc1nccc(=O)n1-c1ccc([N+](=O)[O-])cc1Cl'],1.6782841682434082
203,['CCC1CCC(N2CCN(c3ccc([N+](=O)[O-])cc3)CC2)CC1'],1.6215699911117554
204,['COc1ccc(C(=O)Oc2cccnc2)cc1'],1.830897331237793
205,['O=C(C=Cc1ccc(Cl)c([N+](=O)[O-])c1)NCc1cccnc1'],1.7009810209274292
206,['COc1ccc(C(N)=NOC(=O)CSc2ccccc2)cc1OC'],1.5291104316711426
207,['O=C(Cc1ccc(Cl)c(Cl)c1)Nc1cccnc1'],1.4811538457870483
208,['COCCNCCCOc1ccc(Cl)cc1Br'],1.6159998178482056
209,['COc1ccc(C=NNC(=O)C(=Cc2ccc3c(c2)OCO3)NC(C)=O)cc1OC'],1.6585644483566284
210,['COc1ccccc1Oc1ccc2c(c1)C(=O)N(c1cccc(O)c1)C2=O'],1.5958081483840942
211,['CC(=NN=c1sccn1C(=O)Nc1ccc(Cl)cc1)C(=O)[NH+](C)C'],3.3072891235351562
212,['COc1cccc(NC(=O)Nc2ccc(CC(=O)O)cc2)c1'],1.5187798738479614
213,['CN(C)S(=O)(=O)N(CC(=O)Nc1ccccc1F)c1ccccc1'],1.6228845119476318
214,['O=C(c1cccs1)N1Cc2ccccc2C1=O'],1.465058445930481
215,['CC(=NNC(=O)c1ccc(Cl)c(Cl)c1)c1cccc(NC(=O)C(C)C)c1'],1.5661728382110596
216,['N#CNC1CS(=O)(=O)CC1SCC(=O)[O-]'],1.4234402179718018
217,['O=C([O-])c1cccc(-c2ccc(C=NNC(=O)c3ccc(Cl)o3)o2)c1'],1.6100908517837524
218,['COc1ccc(COc2ccc3c(c2OC)Oc2ccccc2N(Cc2ncoc2C)C3=O)cc1'],1.4797369241714478
219,['Cc1c(N2CCN(C(=O)c3cc[nH]c(=O)c3)CC2C)ccc2c1N(c1ccccc1)CCO2'],1.486939549446106
220,['COCCn1c(-c2ccccc2)nc2oc(-c3ccc(OC)cc3)cc(=O)c2c1=O'],3.292546510696411
221,['COc1ccc(C=C2N=C(c3ccc(C)cc3)OC2=O)cc1'],1.6690444946289062
222,['CCCCOc1ccc(N2C(=O)CC(N(O)c3ccccc3)C2=O)cc1'],1.5828161239624023
223,['Cc1cccc(C(N)=NOC(=O)c2ccccc2Cl)c1'],1.548846960067749
224,['CC1(C)Cc2c(sc3nc(-c4ccco4)n(N)c(=O)c23)CO1'],1.483277678489685
225,['CN1CCCN(C(=O)CNC(=O)Cc2ccccc2)CC1'],15.120550155639648
226,['CCOc1cc(CSc2nc(C)ccc2COC)ccc1OC(C)C'],1.7526963949203491
227,['N#CNC1CS(=O)(=O)CC1SCC(=O)[O-]'],1.5956560373306274
228,['O=C(c1cccs1)N1Cc2ccccc2C1=O'],1.409847378730774
229,['CN(C)C(CNC(=O)C(Nc1ccc([N+](=O)[O-])cc1Br)c1ccccc1)c1ccccc1'],1.4950789213180542
230,['S=c1cc(-c2ccccc2)[nH]c(-c2ccccc2)n1'],1.4234402179718018
231,['O=C(CCSCc1ccccc1)Nc1ccc2c(c1)OCCO2'],4.622260093688965
232,['CCOc1cc(OC)c(C(=O)NCCN2CCN(CC(C)=O)C(=O)C2)cc1Cl'],1.533941388130188
233,['Cc1ccc(C(=O)[O-])cc1NC(=O)NC(c1ccccc1)c1ccc2c(c1)OCO2'],15.400103569030762
234,['COc1cccc(C(C(=O)NC2CCCCC2)N(C(=O)c2ccco2)c2ccccc2OC)c1'],1.5623465776443481
235,['O=C(CCl)N1N=C(c2cccs2)CC1c1ccco1'],1.4680224657058716
236,['COc1ccc(N(CC(=O)Nc2ccc3c(c2)OCCO3)S(C)(=O)=O)cc1'],1.5946424007415771
237,['O=C1NC(=O)N(Cc2ccc(F)cc2)C(=O)C1=CC=Cc1ccco1'],1.830897331237793
238,['CC(=O)NC1C(=O)N(CCN2CCOCC2)c2ccc(Br)cc21'],1.409847378730774
239,['COC(=O)c1ccccc1C=NNC(=S)Nc1c(C)cccc1C'],1.6042407751083374
240,['O=C(Nc1cccc(CS(=O)(=O)Nc2ccccc2)c1)c1cccc(C(F)(F)F)c1'],1.4714860916137695
241,['COc1cc(C(=O)NNC(=S)NCc2ccco2)cc(OC)c1OC'],1.5304445028305054
242,['NS(=O)(=O)c1ccc(NC(=O)Nc2ccc(C(F)(F)F)cc2)cc1'],1.5430922508239746
243,['N#CC(=Cc1ccc(O)c([N+](=O)[O-])c1)c1ncc(I)s1'],1.4469484090805054
244,['Cc1ccccc1C(=O)Nc1ccccc1NC(=O)c1ccccc1C'],1.6830041408538818
245,['Cc1ccc(Nc2cnn(CC34CC5CC(C3)CC(C(N)=O)(C5)C4)c(=O)c2Cl)cc1'],1.4945417642593384
246,['O=C(C=Cc1ccc(Cl)c([N+](=O)[O-])c1)NCc1cccnc1'],15.32291316986084
247,['Cc1ccc(S(=O)(=O)Nc2ccc(O)cc2-c2ccccc2)c(S)c1'],1.530158281326294
248,['COc1cccc(C(=O)COc2ccccc2N2C(=O)C3C4C=CC(C4)C3C2=O)c1'],2.1352546215057373
249,['Cc1ccc(NC(=O)CSCC#N)cc1'],1.4590898752212524
250,['CN(C)c1ccc(S(=O)(=O)NCC(=O)NCC2CCCCC2)cc1[N+](=O)[O-]'],1.4638473987579346
251,['O=S(=O)(NCCC1=CCCCC1)c1ccc(Br)cc1'],1.4797369241714478
252,['O=C(Nc1ccc(F)cc1Cl)c1cc(F)c(F)c(F)c1F'],1.5221010446548462
253,['CCCC(C)(C(=O)Nc1cccc(C(N)=O)c1)N(Cc1cccnc1)C(=O)NC1CC=CCC1'],1.588365912437439
254,['NS(=O)(=O)c1ccc(NC(=O)Nc2ccc(C(F)(F)F)cc2)cc1'],1.5958081483840942
255,['NC(=S)NN=Cc1ccc(C23CC4CC(CC(C4)C2)C3)cc1'],1.6578269004821777
256,['COc1ccccc1C=CC(=O)NCC(=O)NN=Cc1ccccc1[N+](=O)[O-]'],1.4809423685073853
257,['NC(=O)CC1[NH2+]c2ccccc2N(NC(=O)C2Cc3ccccc3S2(=O)=O)C1=O'],1.5704355239868164
258,['CC(C)Cn1c(N)c(C(=O)COC(=O)c2cc(-c3ccccc3)oc2N2CCOCC2)c(=O)[nH]c1=O'],1.9005316495895386
259,['O=C1NC(C(F)F)C(c2ccccc2)SC1c1ccccc1'],1.589173674583435
260,['CCOc1ccc(N(CC(=O)Nc2ccc(C)cc2)S(=O)(=O)Cc2c(C)[nH]c(=O)[nH]c2=O)cc1'],1.6615086793899536
261,['Cc1ccccc1Nc1nnc(SCC(=O)Nc2ncc(C(F)(F)F)cc2Cl)s1'],1.9932763576507568
262,['CC(C)C(Cc1ccccc1)NC(=O)C(CC(=O)N1CCCCC1)NC(=O)OC(C)(C)C'],1.4176722764968872
263,['COc1ccc(OC)c2sc(=NC(=O)C(C)(C)C)[nH]c12'],1.6585644483566284
264,['CCN(c1ccc(OC)cc1)S(=O)(=O)c1nnc(NC(=O)COc2ccc(C)cc2)s1'],1.6279774904251099
265,['COc1cccc(C(=O)C=CNc2ccc(S(=O)(=O)Nc3ccc(C(C)=O)cc3)cc2)c1'],1.6757656335830688
266,['COc1cc(CN2CCN(CC3CCC3)CC2CO)cc(OC)c1'],1.5952509641647339
267,['CCSc1nnc(NC(=O)COc2ccc(Cl)cc2)s1'],1.6089671850204468
268,['Cc1nc(Oc2ccccc2O)cc(-c2ccc(Cl)cc2)n1'],11.797158241271973
269,['CNc1nc(Nc2ccc(Br)cc2)nc(N)c1[N+](=O)[O-]'],1.6585644483566284
270,['Cc1ccc(C)c(S(=O)(=O)N2CCN(C(=O)c3ccc(N4CCCC4)c([N+](=O)[O-])c3)CC2)c1'],1.5233646631240845
271,['Cc1ccc(NC(=O)Nc2cccnc2)cc1Cl'],1.5352158546447754
272,['CCOC(=O)N1CCN(C(=O)c2cn(C)cc(S(=O)(=O)N(C)c3ccc4c(c3)CCCC4)c2=O)CC1'],4.735367298126221
273,['CCOc1ccccc1NC(=O)C(OC(=O)c1ccccc1NS(=O)(=O)c1ccccc1)c1cccs1'],1.5605987310409546
274,['Cc1ccc(N(C(=O)c2csnn2)C(C(=O)NC2CCCC2)c2cccnc2)c(C)c1'],1.5291104316711426
275,['CC(C)c1ccc(S(=O)(=O)Nc2ccc(SC(F)F)cc2)cc1'],5.021848201751709
276,['CC(C)(C)OC(=O)NN=Cc1cccc([N+](=O)[O-])c1'],1.7680761814117432
277,['CCOC(=O)c1cc(CN2Cc3ccccc3N(C)C2)c(NC(=O)c2ccc(OC)c([N+](=O)[O-])c2)s1'],13.601202964782715
278,['COc1ccc(CCn2c(N)c(C=NNC(=O)c3ccncc3)c(=O)[nH]c2=O)cc1OC'],1.5956560373306274
279,['O=C(NC1CCN(S(=O)(=O)c2ccc(F)cc2)CC1)C1CCCCC1'],1.4930344820022583
280,['Cc1nnc(NC(=O)c2ccc(S(=O)(=O)N3CCc4ccccc4C3)cc2)o1'],1.6364537477493286
281,['CC1CCC2C(=O)N(c3cc(Cl)ccc3OC(=O)c3ccco3)C(=O)C2C1'],1.6121114492416382
282,['CCOc1ccc2c(c1)C1(CC=CCC1)C(=O)N2Cc1cccc(Br)c1'],1.4980709552764893
283,['N#Cc1nn(C=Nc2ccc(S(N)(=O)=O)cc2)c2ccccc12'],1.548846960067749
284,['Cc1ccc(NC(CNS(=O)(=O)c2ccc(Cl)cc2)c2ccccc2)cc1'],1.7526963949203491
285,['Cc1noc(NS(=O)(=O)c2ccc(NC(=O)Nc3ccc(Cl)c(Cl)c3)cc2)c1C'],13.601202964782715
286,['CCCC(=O)Nc1sc2c(c1C#N)CC(C)(C)NC2(C)C'],1.5277396440505981
287,['O=C(NCC(=O)N1CCN(Cc2ccccc2)CC1)c1ccc(Br)cc1'],1.683580756187439
288,['COCC(=O)Nc1nc(-c2ccccc2)cs1'],1.5919872522354126
289,['Cc1ccc(S(=O)(=O)CC(=O)c2ccccc2)cc1'],15.298470497131348
290,['O=C(COc1ccc(Cl)cc1Cl)NCCSc1ccc(Cl)cc1'],1.4687467813491821
291,['Cc1ccc(Nc2cnn(CC34CC5CC(C3)CC(C(N)=O)(C5)C4)c(=O)c2Cl)cc1'],1.5575388669967651
292,['O=C(CCl)Nc1ccccc1C(=O)c1ccccc1'],1.5747126340866089
293,['CC1=C(CN2CCCCCCC2=O)C2(CCCCC2)N(c2ccc(C)cc2)N1'],1.3899080753326416
294,['COC(=O)c1cc(CNC(=O)c2ccccc2Cl)ccc1OC'],1.5347540378570557
295,['O=C1CN(C2CCN(Cc3ccccc3)C2=O)CCN1CC=Cc1cccs1'],1.7137116193771362
296,['COc1ccccc1C(=O)NC(=O)Nc1cccc(Cl)c1'],1.4263538122177124
297,['Cc1ccccc1OCC(O)CN1CCN(CC(O)c2ccccc2C)C(C)C1'],1.830897331237793
298,['O=C(CN1C(=O)C2=C(COC=C2)C1=O)Nc1ccc(F)cc1'],1.5720423460006714
299,['CC(C(=O)Nc1ccc2cn[nH]c2c1)N1C(=O)C2C3CCC(O3)C2C1=O'],1.5698773860931396
300,['O=C(CN1CCCC1)Nc1ccc(F)cc1'],15.176685333251953
301,['NC(=O)c1cc(-c2ccccc2)sc1NC(=O)Cc1ccc(S(=O)(=O)N2CCOCC2)s1'],9.903861999511719
302,['OCCOc1ccc(CNCC(O)COCC2CCCO2)cc1'],1.5980041027069092
303,['COc1ccc(CNC(C)C(=O)Nc2cccc(C)c2)cc1OC'],1.4930344820022583
304,['Cc1occc(=O)c1OC(=O)Nc1ccccc1'],1.6328095197677612
305,['CCc1ccc(N(C(=O)c2cccnc2)C(C(=O)NC2CCOC2)c2ccccc2)cc1'],1.438757061958313
306,['Cc1cc(NC(=O)c2c(C)c(-c3cccnc3)nc3c2cnn3C)no1'],1.615156650543213
307,['CCc1c(C)sc(NC(=O)Cc2ccccc2OC)c1C(=O)N1CCOCC1'],1.8036651611328125
308,['O=C(Nc1ccc2c(c1)OCCO2)c1ncoc1-c1ccccc1'],1.5261774063110352
309,['CC1C2CCC1C(C)(C)C2=NO'],1.5159871578216553
310,['CCCNC(=O)Nc1cc(S(=O)(=O)Nc2ccccc2OC)ccc1Cl'],1.548846960067749
311,['CCOC(=O)N(c1ccccc1)C(C(=O)OC(C)C)C(C)C'],1.4889754056930542
312,['CC12Cc3ccccc3-c3cc(=O)[nH]nc3C1C(=O)C(=O)N2C1CC(C(=O)[O-])c2ccccc21'],1.6867886781692505
313,['CCCCNCc1cc2ccccc2o1'],1.5148532390594482
314,['CC(C)(CNS(=O)(=O)c1ccc(CCC(=O)Nc2cccc(Cl)c2)cc1)Oc1ccccc1'],1.432079792022705
315,['Cc1ccc(Oc2ccc(Cl)cc2NC(=O)c2ccc(F)cc2F)cc1'],1.588365912437439
316,['O=C(Nc1nc(-c2cccs2)cs1)c1ccc(Cl)cc1'],1.5547515153884888
317,['CC(C)c1ccc(N(C(=O)c2ccco2)C(C(=O)NC2CCCC2)c2cccnc2)cc1'],1.6237761974334717
318,['CC(=O)NC1C(=O)N(CCN2CCOCC2)c2ccc(F)cc21'],15.07367992401123
319,['CC1=CC(=O)C(Nc2ccccc2O)=CC1=NS(=O)(=O)c1c(C)cc(C(=O)Nc2ccccc2)cc1C'],1.5154061317443848
320,['CC(C)(C)CC(C)(C)c1ccc(OCC(=O)NN=Cc2ccc(Br)o2)cc1'],1.5648096799850464
321,['COc1ccc(OCCCON2C(=O)CCC2=O)cc1'],1.5512574911117554
322,['NNc1nc2ccc(Oc3ccccc3C(=O)[O-])cc2c(=O)n1-c1ccccc1'],1.3803634643554688
323,['Cc1ccc(C2CC(c3cccs3)=NN2C(=O)CCl)o1'],14.185015678405762
324,['Cc1cccc(NC(=S)NN2CCOCC2)c1C'],1.6481984853744507
325,['COc1cccc(NC(=O)CN2C(=O)C(c3ccc(C)cc3)=NC23CCCNCC3)c1'],1.5236670970916748
326,['O=C(CCl)Nc1ccccc1C(=O)c1ccccc1'],15.07367992401123
327,['O=C(Oc1ccccc1[N+](=O)[O-])c1cccnc1'],1.6932843923568726
328,['CCN(CC)S(=O)(=O)c1ccc(NC(=O)Cc2cccs2)cc1'],1.6189353466033936
329,['CCN1CCN(c2cc(-c3ccncc3)nc(C)n2)CC1'],1.4743491411209106
330,['CCC(C(=O)Nc1cccc(C(F)(F)F)c1)c1ccccc1'],1.5623480081558228
331,['COCCN(Cc1ccc(F)cc1)C(=O)c1cc2ccccc2oc1=O'],1.5771750211715698
332,['O=C(Nc1ccccc1N1CCN(C(=O)c2ccc(Cl)cc2)CC1)c1cccc([N+](=O)[O-])c1'],14.185015678405762
333,['O=C1NC2=C(CS(=O)(=O)C2)C1=NSc1ccc(-n2cnnc2)cc1'],1.4230016469955444
334,['CC[n+]1c(-c2ccc(Br)c(C)c2)csc1NN=C1CCC(C)C(C)C1'],2.030489206314087
335,['COc1ccccc1C(=O)NC(=S)Nc1ccc(N2CCOCC2)c(Cl)c1'],14.492932319641113
336,['COc1ccc(S(=O)(=O)c2ccc3c(c2)nc(C)n3Cc2ccc(COC(=O)F)o2)cc1'],1.4179075956344604
337,['CCC(=O)N(CCC(C)O)CC(C)C'],1.5428893566131592
338,['CC(=O)NC1C(=O)N(CCN2CCOCC2)c2ccc(C)cc21'],15.07367992401123
339,['O=C(NCc1ccco1)c1ccc(COc2cc(Cl)ccc2Cl)cc1'],1.548846960067749
340,['COCCNC(=O)C(=O)NCC(=O)Nc1cccc2ccccc12'],1.9391881227493286
341,['COc1ccc(CC(=O)N2CCN(c3ccccc3)CC2)cc1'],1.4714860916137695
342,['O=C(NC1CCN(S(=O)(=O)c2ccccc2C(F)(F)F)CC1)c1ccco1'],1.5291104316711426
343,['CC(C)(C)C(=O)NC(=S)Nc1sc2c(c1C#N)CCCCC2'],1.830897331237793
344,['CCCC(=O)Oc1ccc2c(C)cc(=O)oc2c1'],1.5824512243270874
345,['CCC(O)=C1C(=O)Cc2cccc(C)c2C1=NC(C)=O'],1.4903494119644165
346,['CC(C)c1ccc(N(C(=O)c2csnn2)C(C(=O)NC2CCCC2)c2cccnc2)cc1'],1.5566130876541138
347,['O=C1CCN(C(=O)COC(=O)c2ccc(OC(F)F)cc2)CC1'],1.435415267944336
348,['COc1ccccc1N1CCN(CC(O)COc2cccc3ccccc23)CC1'],1.5940884351730347
349,['Cc1nc(=O)c(NC(=O)c2ccccc2[N+](=O)[O-])n[nH]1'],1.5628652572631836
350,['COC(=O)CC1(CC(=O)Nc2ccc(C)cc2)CCCC1'],1.5604125261306763
351,['N#CNC1CS(=O)(=O)CC1SCC(=O)[O-]'],1.5494697093963623
352,['Cc1cccc(CN2CCN(C(=O)CCl)CC2)c1'],1.534494400024414
353,['COc1ccc(C)c(CNC(=O)CN(c2ccc(C#N)cc2)S(=O)(=O)c2c(C)noc2C)c1'],1.6063069105148315
354,['FC(F)(F)c1cccc(NC(=S)NNC(=S)NCc2ccccc2)c1'],1.5597504377365112
355,['CS(=O)(=O)c1ccc(Cl)c(C(=O)O)c1'],1.5430922508239746
356,['NNC(=O)CN1C(c2ccsc2)=NC2C=CC=CC21c1ccccc1'],3.779888391494751
357,['CCOC(=O)c1cc(-c2ccccc2)sc1N'],1.4940192699432373
358,['COc1ccc(C=NNC(=O)C(=Cc2ccc3c(c2)OCO3)NC(C)=O)cc1OC'],1.56647527217865
359,['COc1ccc(CN=CC2=NCC(C(C)C)N=C2N)cc1O'],1.5628652572631836
360,['CCC(=O)N(CCC(C)O)CC(C)C'],1.6156781911849976
361,['COc1ccccc1NC(=O)CCN1CCN(c2ccc(Cl)cc2)CC1'],1.4952753782272339
362,['CC(NC(=O)CCl)c1ccc(Cl)c(Cl)c1'],15.120550155639648
363,['Cc1ccc(CC(=O)NCc2ccc(Cl)cc2)cc1'],1.6407357454299927
364,['Oc1ccc(Cl)cc1Cc1cc(Cl)ccc1O'],1.4917197227478027
365,['O=C(COC(=O)c1ccccc1Cl)Nc1ncc(SCC(F)(F)F)cc1Cl'],1.5132566690444946
366,['Cc1ccc(C2CC(c3cccs3)=NN2C(=O)CCl)o1'],1.6909282207489014
367,['CC(C)Oc1cc(NC(=O)CSCC(=O)Nc2cccc(C(F)(F)F)c2)c(Cl)cc1Cl'],1.3778715133666992
368,['CCOc1ccc(-c2cc(C(=O)NCCCN3CCN(CC)CC3)c3cn[nH]c3n2)cc1'],1.7233104705810547
369,['COc1ccc(C=C2SC(=S)N(C(C(=O)N3CCCC3)c3ccccc3)C2=O)c(OC)c1'],1.4895423650741577
370,['CN(C)C=C1C(=O)Nc2ccccc21'],2.0134878158569336
371,['CCN1C(=O)C(=Cc2ccc(C)s2)C(=O)N(CC)C1=S'],1.6215699911117554
372,['COc1ccc(Cl)cc1N=Cc1c(O)n(C)c(=O)n(C)c1=O'],1.6109360456466675
373,['COc1ccc(C(=O)ON=C2CCN(C)CC2)cc1'],1.597674012184143
374,['O=C(CSc1nnc(C2CCCCC2)o1)N1CCCCC1'],1.631550908088684
375,['Cc1ccc(C(=O)NC(Cl)=C(Cl)S(=O)(=O)c2ccccc2)cc1'],3.787175178527832
376,['O=C(NCc1ccc2c(c1)OCO2)c1ccc(NC(=O)C2CCCO2)cc1'],1.4263538122177124
377,['O=C(CCl)N1N=C(c2cccs2)CC1c1ccco1'],1.8899871110916138
378,['CC1=NN(c2ccc(Br)cc2)C(=O)C1=Cc1ccc(C)s1'],1.4464823007583618
379,['Cc1cc(NC2CCCCC2)nc(N2CCOCC2)n1'],1.541813850402832
380,['CC(NC(=O)c1ccc(S(=O)(=O)C(F)F)cc1)c1ccccc1'],1.516649603843689
381,['CC(C)Oc1cc(NC(=O)CSCC(=O)Nc2cccc(C(F)(F)F)c2)c(Cl)cc1Cl'],1.6246693134307861
382,['Cc1ccc(C=NNC(=S)NC2CCCCC2)o1'],1.56647527217865
383,['CC(=O)Oc1c(I)cc(I)cc1C(=O)Nc1ccc(Cl)cc1'],1.4263538122177124
384,['CCOC(=O)C1(CC2CC2)CCN(C(=O)c2ccc(CO)cc2)CC1'],1.5771714448928833
385,['O=C(c1ccco1)N(Cc1ccc([N+](=O)[O-])cc1)c1ccc(Br)cc1'],1.6561795473098755
386,['Cc1cccc(Nc2nnc(SCC(=O)Nc3ncc(C(F)(F)F)cc3Cl)s2)c1C'],1.471291184425354
387,['O=C(Nc1ccccc1N1CCN(C(=O)c2ccc(Cl)cc2)CC1)c1cccc([N+](=O)[O-])c1'],1.4714860916137695
388,['O=C(Nn1cnc2sccc2c1=O)c1ccc2c(c1)OCC2'],13.601202964782715
389,['CCN(CC)S(=O)(=O)c1ccc(C(=O)C(C#N)c2ccccn2)cc1'],1.6441975831985474
390,['CCc1ncnc(N2CCN(C(=O)c3ccc(Cl)s3)CC2)c1C=O'],1.500465989112854
391,['O=C(COc1ccccc1Cl)NC(=S)Nc1cccc(NC(=O)c2ccccc2Cl)c1'],1.4829195737838745
392,['O=C(C=Cc1ccccc1Br)c1ccccc1OC(=O)C(F)(F)F'],2.144235134124756
393,['O=C(Nc1ccccc1F)c1ccc(C(=O)c2ccccc2)cc1'],1.4144686460494995
394,['CCN(CC)S(=O)(=O)c1ccc(NN=C2CCN(C)c3ccccc32)c([N+](=O)[O-])c1'],1.548846960067749
395,['CCOc1ccc(NC(=O)N2CCCC2C(=O)NCc2ccco2)cc1'],1.6109360456466675
396,['COc1ccc(C(=O)NC2CCN(CC(=O)Nc3cccc(C)c3)CC2)cc1OC'],1.9229744672775269
397,['COc1ccc(S(=O)(=O)N(C)c2ccc(Cl)cc2)cc1NS(=O)(=O)c1ccc(F)cc1'],1.6089671850204468
398,['O=c1cc(NCc2ccco2)c2ccccc2o1'],1.5512574911117554
399,['CC1(C)Cc2nc3ncn(-c4ccc(Cl)cc4)c(=O)c3cc2CO1'],1.6000396013259888
400,['O=C(NCc1ccc(Cl)cc1)C(=O)NCC1OCCN1C(=O)c1cccs1'],1.440320372581482
401,['COc1ccccc1C=C1SC(=S)N(CCC(=O)NNC(=O)c2ccccc2OC)C1=O'],1.7457438707351685
402,['Cc1ccc(NC(=O)CNC(=O)c2ccccc2F)cc1Cl'],15.120550155639648
403,['O=C1C(=O)N(CC2COc3ccccc3O2)c2ccccc21'],1.4018582105636597
404,['c1ccc(-c2nnc(N3CCOCC3)c3ccccc23)cc1'],1.9764503240585327
405,['Cc1cccc(C(=O)NC(=S)N(C)C2CCCCC2)c1'],1.5784965753555298
406,['O=C(Nc1ccc(OCC(F)(F)C(F)F)cc1)c1ccc(O)c(C(F)(F)F)c1'],1.49600088596344
407,['O=C(CNC(=O)c1ccccc1F)OCc1csc(-c2ccccc2)n1'],1.438757061958313
408,['O=C(NCc1ccccc1)c1cc[n+](CC(=O)c2cccs2)cc1'],1.5512574911117554
409,['Cc1nc(-c2ccc(S(=O)(=O)N3CCN(c4ccccc4)CC3)cc2)co1'],1.5204983949661255
410,['CCCCNS(=O)(=O)c1ccc(S(=O)(=O)NCc2ccncc2)cc1'],1.823087215423584
411,['CC1=CC(C)N(c2ccc3ncsc3c2)C(=S)N1'],1.4103220701217651
412,['CCOCC(=O)Nc1ccccc1C(=O)OC'],1.6918712854385376
413,['Cc1ccnc(NS(=O)(=O)c2ccc(NC(=O)C3CCCCC3C(=O)O)cc2)n1'],1.435815691947937
414,['O=[N+]([O-])c1ccccc1C=NN1C(=S)N=NC1C=Cc1ccccc1'],1.5473766326904297
415,['CSc1cccc(NC(=O)CN2C(=O)c3ccccc3S2(=O)=O)c1'],1.4018582105636597
416,['Cc1cc(=O)oc2cc(NC(=O)c3ccccc3OC(F)F)ccc12'],1.4871124029159546
417,['CN(CCCOC(=O)CC1(N)CCSC1)C(=O)c1ccccc1'],1.682517647743225
418,['COc1cccc(OC)c1C1=NCC(C)(C)O1'],1.548846960067749
419,['Cc1ccc(NC(=O)Nc2cccnc2)cc1Cl'],1.6660517454147339
420,['Cc1cccc(N(C)c2ncnc3onc(-c4ccc(F)cc4)c23)c1C'],1.4071041345596313
421,['COC(=O)c1ccccc1OCCCOc1ccc(C=O)cc1O'],1.409847378730774
422,['CC1C[NH2+]CC(OC(C)C#N)C1'],1.5401331186294556
423,['Cc1cccc(NS(=O)(=O)c2nnc(NC(=O)c3cccc(C)c3)s2)c1'],1.548846960067749
424,['COc1ccc(S(=O)(=O)N2CCOCC2)c2ccccc12'],1.499645709991455
425,['Cc1ccc(NC(=O)NCc2ccc3c(c2)OCO3)c(C)c1'],1.3330364227294922
426,['CC(C)c1ccc(N(C(=O)c2csnn2)C(C(=O)NC2CCCC2)c2cccnc2)cc1'],1.6565707921981812
427,['CCC(C)NC(=O)c1cc2cc3ccc(OC)cc3nc2o1'],1.411584496498108
428,['CCNc1nc(NC(C)c2ccc(Cl)cc2)nc(NS(=O)(=O)c2ccc(C)cc2)n1'],1.6829038858413696
429,['COc1ccc([N+](=O)[O-])cc1NC(=O)c1cccs1'],1.4810266494750977
430,['Cc1ccc(C)c(S(=O)(=O)N2CCN(C(=O)c3ccc(N4CCCC4)c([N+](=O)[O-])c3)CC2)c1'],1.572438359260559
431,['COC(=O)c1ccc2ncsc2c1'],1.4800575971603394
432,['O=C(Cc1cccc(=O)n1-c1ccccc1)c1ccccc1'],1.5512574911117554
433,['COc1ccc(N(Cc2ccc(F)cc2)S(=O)(=O)c2ccc(O)[nH]c2=O)cc1'],1.5575984716415405
434,['FC(F)(F)c1cccc(NC(=S)NNC(=S)NCc2ccccc2)c1'],1.7153987884521484
435,['Cc1ccc(NC(=O)CN(C)C(=O)c2cccnc2Nc2cccc(C(F)(F)F)c2)cc1'],1.588365912437439
436,['CCC1CC2c3c(NC(=O)CNCC(C)O)cccc3C1C(=O)C2OC'],1.540319561958313
437,['NC(=S)NN=Cc1ccc(C23CC4CC(CC(C4)C2)C3)cc1'],1.6228845119476318
438,['O=C(NCCCn1cccn1)c1cccc(CN2CCn3cc(Br)cc3C2=O)c1'],1.5734056234359741
439,['CC1CCC2C(=O)N(c3cc(Cl)ccc3OC(=O)c3ccco3)C(=O)C2C1'],1.4405755996704102
440,['CCc1ncnc(N2CCN(C(=O)c3ccc(Cl)s3)CC2)c1C=O'],1.5730608701705933
441,['COc1ccc(C2(C)NC(=O)N(CC(=O)NCc3ccco3)C2=O)cc1'],2.144235134124756
442,['COc1ccc(NC=C2CCc3ccccc3C2=O)cc1'],1.5267826318740845
443,['O=C1ON=C(c2ccccc2)C1=Cc1ccc(-c2ccccc2[N+](=O)[O-])o1'],1.4940192699432373
444,['O=C(c1ccoc1)N1CCC2(CCCN(Cc3ccc(F)c(F)c3)C2)C1'],1.711398720741272
445,['O=C(CCS(=O)(=O)c1ccccc1)N1CCN(c2ccc(F)cc2)CC1'],1.830897331237793
446,['O=C(OCc1ccccc1)C(O)c1ccc(F)cc1'],1.9276667833328247
447,['Cc1ccc(OCC(=O)NN=Cc2ccc([N+](=O)[O-])o2)cc1'],1.5013293027877808
448,['CCc1ccc(S(=O)(=O)N=C2C=C(Nc3ccccc3O)C(=O)C(c3ccccc3)=C2)cc1'],1.7150977849960327
449,['COc1ccc(-c2c(C)nc(SCC(N)=O)n(C)c2=O)cc1'],1.679663896560669
450,['COP(=O)(OC)C(NC(C)=O)C(Cl)(Cl)Cl'],1.4263538122177124
451,['CCOc1ccc(NC(=O)CSc2nccc(=O)n2-c2ccc(S(=O)(=O)N3CCCCC3)cc2)cc1'],1.6585644483566284
452,['Cc1cccc(CN2CCN(C(=O)CCl)CC2)c1'],1.5512574911117554
453,['Cc1ccc(NC(=O)c2ccc(S(=O)(=O)NCc3cccnc3)cc2)cc1C'],1.8036651611328125
454,['O=C([O-])c1cccc(-c2ccc(O)c(SCC(=O)N(c3ccccc3)C3(CO)CCCCCC3)c2)c1'],1.4232345819473267
455,['CCc1ccc(NC(=S)NCc2cnn(-c3ccccc3)n2)cc1'],1.869179129600525
456,['CC(=O)NC1C(=O)N(CCN2CCOCC2)c2ccc(C)cc21'],1.4566808938980103
457,['COc1cc(NC(=O)CCOc2ccccc2)c(S(C)(=O)=O)cc1OC'],1.4930344820022583
458,['COc1cccc(N2C(=O)C(=Cc3ccc(C)o3)C(=O)NC2=S)c1'],1.4454833269119263
459,['Cc1cc(C)c(C(C#N)C(=O)CC(c2ccccc2)c2cccs2)c(C)c1'],1.4724117517471313
460,['Cc1ccc(C2C3=C(CC(C)(C)CC3C)Nc3onc(O)c32)cc1'],1.548846960067749
461,['Cc1ccc(Cl)cc1N1CCN(CC(=O)Nc2ccc3[nH]c(=O)[nH]c3c2)CC1'],1.6898434162139893
462,['CCCCN(CCC)c1ccc(NC(=O)c2ccc(Cl)o2)cc1'],1.5582292079925537
463,['COc1ccc(COc2ccc3c(c2OC)Oc2ccccc2N(Cc2ncoc2C)C3=O)cc1'],1.5583828687667847
464,['O=C([O-])CSc1nc2c(c(C(F)(F)F)n1)CCCC2'],3.0676567554473877
465,['O=C(CN1C(=O)SC(=Cc2ccccc2O)C1=O)NC(=O)c1cccs1'],1.4785583019256592
466,['Cc1ccc(OCC(=O)N2CCN(C(=O)c3cccnc3)CC2)cc1'],1.643396258354187
467,['Cc1ccc(OC(C)C(=O)Nc2ccccc2C(=O)N2CCN(C)CC2)cc1'],1.516649603843689
468,['Cc1nc(-c2ccc(C)c(F)c2)c(C(=O)NCc2cccc(S(=O)(=O)N3CCOCC3)c2)s1'],1.638235330581665
469,['O=C([O-])c1cccc(-c2ccc(O)c(SCC(=O)N(c3ccccc3)C3(CO)CCCCCC3)c2)c1'],1.934604287147522
470,['O=C([O-])C1CCCCN1C(=O)CCCN1C(=O)SC(=Cc2cccc(Cl)c2)C1=S'],2.602097988128662
471,['O=C1N(c2ccc(Cl)cc2)C(=S)C2CCCN12'],1.6109360456466675
472,['CCOc1ccccc1NC(=O)Nc1cccc(S(N)(=O)=O)c1'],1.4234402179718018
473,['CCN1CCc2c(sc(NC(=O)c3ccc(S(=O)(=O)N(C)Cc4ccccc4)cc3)c2C(N)=O)C1'],1.47903573513031
474,['CCOC(=O)c1c(NC(=O)c2c(C(=O)OC)cccc2[N+](=O)[O-])sc2c1CCCC2'],1.4648067951202393
475,['COCC(=O)N1CCC(Oc2ccc(C(=O)NC(C(=O)OC)C(C)C)cc2)CC1'],1.8855704069137573
476,['CC(=O)c1cccc(NC(=O)C2CCN(S(=O)(=O)c3ccc(F)cc3)CC2)c1'],1.5956560373306274
477,['CC(C)C(=O)NCc1cc(-c2ccc(Cl)cc2)no1'],1.5218640565872192
478,['CCN(c1ccc(OC)cc1)S(=O)(=O)c1nnc(NC(=O)COc2ccc(C)cc2)s1'],1.5512574911117554
479,['Cc1cccc(CN2CCN(C(=O)CCl)CC2)c1'],1.548846960067749
480,['N=C(NC(N)=NO)n1ccc2ccccc21'],1.64053475856781
481,['O=C(CSc1ccccn1)Nc1nonc1[N+](=O)[O-]'],1.5236670970916748
482,['COc1ccc(N(Cc2ccc(F)cc2)S(=O)(=O)c2ccc(O)[nH]c2=O)cc1'],1.6558442115783691
483,['CC(C)OC(=S)O[PH](=O)(Oc1ccccc1)(OC(C)C)C(Cl)(Cl)Cl'],1.411584496498108
484,['CCCC(=O)Nc1nnc(S(=O)(=O)N2CCCCCC2)s1'],1.6181296110153198
485,['Cc1cc(C)c(C(O)c2ccccc2Cl)cc1NC(=S)NC(=S)NC(=O)c1ccccc1Cl'],1.5461006164550781
486,['Cc1cccc(CN(c2cc3c([nH]c2=O)CC[NH2+]C3)S(=O)(=O)c2cccc(C)c2)c1'],1.4800575971603394
487,['COc1ccc(N(Cc2cc[nH]c(=O)c2)C(=O)CCl)cc1'],2.1049935817718506
488,['O=C(C=Cc1ccccc1)NNC(=O)C1CC1'],1.432079792022705
489,['CCC1CCC(N2CCN(c3ccc([N+](=O)[O-])cc3)CC2)CC1'],1.5013982057571411
490,['O=C(NCCc1ccc(Cl)cc1)C1CCN(S(=O)(=O)c2cccs2)CC1'],1.666779637336731
491,['COc1ccc(CCN2CCCC(C(=O)NCCN3C(=O)CNC3=O)C2)cc1'],1.6129729747772217
492,['CC(OC(=O)c1ccc(C=C2CNc3ccccc3C2)cc1)c1ccc(F)cc1'],3.779888391494751
493,['CCCCS(=O)(=O)c1sc2c(c1N)C(=O)c1ccccc1C2'],1.4894849061965942
494,['COc1cccc(N2C(=O)C(=Cc3ccc(C)o3)C(=O)NC2=S)c1'],1.5512574911117554
495,['C[n+]1ccc([O-])c2cccc(Br)c21'],1.4428166151046753
496,['N#Cc1ccc(CSc2nnc(NC(=O)c3ccc4ncsc4c3)s2)cc1'],1.7241246700286865
497,['Cc1ccc(N(CCC#N)C(=O)COC(=O)c2ccccn2)cc1'],1.5120084285736084
498,['Cc1cc(C(=O)NC2CCCCC2)ccc1S(=O)(=O)NCCOc1ccccn1'],1.5591460466384888
499,['COC(=O)Cc1ccc(NC(=O)CO)cc1'],1.4263538122177124
500,['O=C(NCc1ccc(Cl)cc1)C(=O)NCC1OCCN1S(=O)(=O)c1cccs1'],1.6585644483566284
501,['COc1ccccc1C(=O)NC(=S)Nc1ccc(N2CCOCC2)c(Cl)c1'],1.6146422624588013
502,['Cc1ccccc1NC1=CC(=NS(=O)(=O)c2ccc(C(N)=O)cc2)C(O)=CC1=O'],1.6585644483566284
503,['COC(=O)CCc1ncc[nH]c1=O'],1.548846960067749
504,['COc1cc2c(cc1OC)C(c1cc(Br)ccc1F)N(C(=O)CCl)CC2'],1.6112492084503174
505,['Cc1ccc(NC(=O)C(=O)NCc2ccncc2)cc1'],1.38118314743042
506,['O=C(Nc1ccc(NC(=S)NC(=O)c2ccccc2Cl)cc1)c1cccc(Cl)c1'],1.7810975313186646
507,['O=C(C=Cc1c(F)cccc1Cl)Nc1cccnc1'],1.4287430047988892
508,['Cc1ccc(CNC(=O)c2cccnc2Sc2cccc(Cl)c2)cc1'],1.708069086074829
509,['CCOC(=O)c1sc(N)c(C(F)(F)F)c1C(O)(c1ccccc1)C(F)(F)F'],1.5575984716415405
510,['Brc1ccc(Nc2csc(C(Oc3ccccc3)c3ccccn3)n2)cc1'],1.5576788187026978
511,['O=C(C=Cc1ccc(Cl)c([N+](=O)[O-])c1)NCc1cccnc1'],1.6515746116638184
512,['CCCC(=O)Oc1ccc2c(C)cc(=O)oc2c1'],1.5277396440505981
513,['CC1(C)CC(=O)[NH+](Cc2cccc([N+](=O)[O-])c2)C(C)(C)C1'],1.4221552610397339
514,['Cc1ccc(OCC(=O)NN=Cc2ccc([N+](=O)[O-])o2)cc1'],1.440416932106018
515,['O=C(c1cccs1)N1Cc2ccccc2C1=O'],1.6561795473098755
516,['FC(F)(F)c1cccc(NC(=S)NNC(=S)NCc2ccccc2)c1'],1.410321831703186
517,['CS(=O)(=O)c1ccc(C(CN)NNC(=O)c2ccc(Sc3ccccc3)cc2)cc1'],1.6068733930587769
518,['O=C(CC(NC(=O)c1ccc([N+](=O)[O-])cc1)C1CCCCC1)NN=C1CC1'],1.5512574911117554
519,['O=C(c1ccc(S(=O)(=O)N2CCCC2)cc1)N1CCN(c2cccc(Cl)c2)CC1'],1.4469114542007446
520,['NNc1nc2ccc(Oc3ccccc3C(=O)[O-])cc2c(=O)n1-c1ccccc1'],1.5299867391586304
521,['COc1ccc(C(=O)OCc2c(C)noc2C)cc1'],1.4590829610824585
522,['COc1ccc(-c2csc(C(C#N)=CNc3cccc(OC(C)=O)c3)n2)c(OC)c1'],1.5956560373306274
523,['COc1cc(NC(=O)C2CC(=O)NC3=C2C(=O)CCC3)c(OC)cc1Cl'],1.5965632200241089
524,['Nc1ccc(O)c(C(c2ccccc2)(C(O)(O)C(F)(F)F)C(O)(C(F)(F)F)C(F)(F)F)c1'],2.8563475608825684
525,['Cc1ccc(NC(CNS(=O)(=O)c2ccc(Cl)cc2)c2ccccc2)cc1'],1.6585644483566284
526,['CCOC(=O)N1CCN(C(=O)c2oc(S(=O)(=O)N(CC)c3ccc(C)cc3)cc2C)CC1'],1.6074668169021606
527,['Cn1c2c(n(C)c1=O)N(S(=O)(=O)c1ccccc1)CN2c1cccc([N+](=O)[O-])c1'],2.437049150466919
528,['COC(=O)OCCOCCN1c2cccc([N+](=O)[O-])c2CS1(=O)=O'],1.660547137260437
529,['O=C(CSc1ccccc1)Nc1ccccc1C(=O)O'],1.5277396440505981
530,['O=C(c1cc[nH]c(=O)c1)N1CCN(c2cccc(C(F)(F)F)c2)CC1'],1.8484926223754883
531,['Cc1cc(F)cc(N2C(N)=C(C#N)C(C#N)C2(c2ccccc2)c2ccccc2)c1'],1.7153987884521484
532,['Cc1ccc(Nc2nc(N3CCOCC3)nc(N)c2[N+](=O)[O-])cc1C'],1.6650949716567993
533,['O=C1ON=C(c2ccccc2)C1=Cc1ccc(-c2ccccc2[N+](=O)[O-])o1'],14.185015678405762
534,['Cc1cccc(COc2ccccc2C(=O)OCC(=O)N(C)Cc2c(N)n(-c3ccccc3)c(=O)[nH]c2=O)c1'],1.5956560373306274
535,['O=C(C=Cc1ccccc1Br)c1ccccc1OC(=O)C(F)(F)F'],1.486735224723816
536,['CC(=O)NC1C(=O)N(CCN2CCOCC2)c2ccc(Cl)cc21'],1.5174767971038818
537,['CCC(=O)N(C)C=C1Sc2ccccc2C1=O'],1.5646225214004517
538,['N#Cc1c(NC(=S)NC(=O)c2ccccc2)sc2c1CCC2'],1.5512574911117554
539,['CC(=O)NC1C(=O)N(CCN2CCOCC2)c2ccc(F)cc21'],1.5512574911117554
540,['O=S(=O)(c1ccc(F)cc1)N1CCCC1c1cccnc1'],1.56647527217865
541,['O=C(Oc1ccc(Cl)cc1)c1cccnc1'],1.4873391389846802
542,['CC(OC(=O)c1ccc(C=C2CNc3ccccc3C2)cc1)c1ccc(F)cc1'],1.491599440574646
543,['CCCCN(Cc1ccc2[nH]nc(C)n2c1=O)c1ccc2ccccc2c1'],1.5992258787155151
544,['COc1ccc(OCC2c3cc(OC)c(OC)cc3CCN2C(=O)C(C)C)cc1'],1.4795626401901245
545,['O=C(NCCSCc1ccco1)Nc1ccccc1'],1.643396258354187
546,['NC(=NS(=O)(=O)c1cc(C(F)(F)F)cc(C(F)(F)F)c1)c1ccc(Cl)cc1'],15.176480293273926
547,['N#Cc1nn(C=Nc2ccc(S(N)(=O)=O)cc2)c2ccccc12'],1.6228845119476318
548,['O=C(CCl)Nc1ccccc1C(=O)c1ccccc1'],1.4308620691299438
549,['Oc1ccc(Cl)cc1Cc1cc(Cl)ccc1O'],1.548846960067749
550,['CC(=NN=c1sccn1C(=O)Nc1ccc(Cl)cc1)C(=O)[NH+](C)C'],1.830897331237793
551,['O=S(=O)(c1ccccc1)c1nc(-c2ccccc2)oc1N1CCOCC1'],1.4809423685073853
552,['CCN(C)S(=O)(=O)c1ccc(O)c(C(=O)OCC(=O)Nc2ccc(OC(F)(F)F)cc2)c1'],1.630915880203247
553,['CC(C)CN(CC[NH+](C)C)c1cc2c(cc1C#N)C(=NN)CCC2'],1.6161762475967407
554,['O=C(Oc1ccc(OC(=O)C2CNCCO2)cc1)Oc1ccc(N2CCOCC2)cc1'],1.548846960067749
555,['O=C(NCCN1CCCC1)c1ccc(Cl)cc1'],1.4676612615585327
556,['O=C(CSc1ncccn1)Nc1ccc(Cl)cc1'],1.599340558052063
557,['CC1NC(c2ccc(-c3ccccc3)cc2)C(C)C(=O)C1C'],1.548846960067749
558,['Oc1ccc(Cl)cc1Cc1cc(Cl)ccc1O'],1.533941388130188
559,['CCCCNC(=O)N(O)C1SC(=O)N(N=Cc2ccc(C)cc2)C1N'],1.4807955026626587
560,['COC(=O)c1ccccc1N1C(=O)C2ON=C(c3ccc(F)cc3)C2C1=O'],1.4701884984970093
561,['N#Cc1c(-c2ccccc2)nc(SCC(=O)Nc2ccc(OC(F)(F)F)cc2)[nH]c1=O'],3.779888391494751
562,['CCN(Cc1ccncc1)C(=O)c1cccc(S(=O)(=O)N2CCOCC2)c1'],1.588365912437439
563,['COc1cc(F)ccc1N(C)C(=O)c1cc2nc(N3CCOCC3)ccc2cc1Cl'],1.6585644483566284
564,['O=C(Nc1nc(-c2ccccc2)cs1)c1c(O)cccc1[N+](=O)[O-]'],1.548846960067749
565,['CC(C)N(CCN(C)c1ccccc1)C(=O)C(C)(C)C'],1.4517070055007935
566,['O=C(Nc1nc(-c2ccccc2)cs1)c1c(O)cccc1[N+](=O)[O-]'],1.6121114492416382
567,['Cc1ccc(C(=O)NCCN2CCOCC2)cc1C'],1.589460015296936
568,['C=CCn1c(=S)[nH]c2sc3c(c2c1=O)CCC3'],1.4895423650741577
569,['CCOc1ccc(N(CC(=O)Nc2ccc(C)cc2)S(=O)(=O)Cc2c(C)[nH]c(=O)[nH]c2=O)cc1'],4.053256511688232
570,['COC(=O)C1C(c2ccccc2)C(C(=O)OCc2ccccc2)C1c1ccco1'],1.4930344820022583
571,['COC(=O)c1cc(NC(=O)CN(c2ccc(Cl)cc2)S(=O)(=O)c2ccccc2)ccc1OC'],1.9249334335327148
572,['COc1c(Cl)cc(C(=O)NN)cc1Cl'],1.4136122465133667
573,['O=C(CCC(=O)N1C(=S)SCC1c1ccc(Cl)cc1)N1CCN(c2ccc(Cl)cc2)CC1'],1.3803634643554688
574,['Cc1nc(-c2ccc(N)cc2)c(Nc2nc(-c3ncccn3)cs2)s1'],15.176685333251953
575,['NC(=S)NN=Cc1ccc(C23CC4CC(CC(C4)C2)C3)cc1'],1.5296181440353394
576,['CC(NC(=O)CCl)c1ccc(Cl)c(Cl)c1'],1.5650944709777832
577,['O=C1N(Cc2c(F)cccc2F)C(O)=[NH+]C12C=CC=CC2'],1.6894314289093018
578,['CCOC(=O)C1CCN(C(=O)c2ccc3c(c2)N=C(n2cc(C#N)c(C)n2)CO3)CC1'],1.4867912530899048
579,['Cc1ccc(Cn2ccc3ccc(C(=O)NC4CCNC(=NN5CCCCC5)C4)cc32)cc1'],1.6216660737991333
580,['CN(C)C1=CC(N=Cc2ccco2)N=N1'],1.4797369241714478
581,['COc1nc(NCc2ccc(Cl)cc2)nc(OC)n1'],1.3255804777145386
582,['Cc1ccc(CNC(=O)CNS(=O)(=O)c2ccc3nc(C)sc3c2)cc1'],1.585067629814148
583,['CSc1ccccc1OCc1cc(C(=O)N(C)Cc2cnccn2)no1'],1.5720423460006714
584,['COC(=O)C(N)Cc1ccc(OC)c([N+](=O)[O-])c1'],1.6515746116638184
585,['O=C(C=Cc1ccccc1Cl)Nc1cccnc1'],1.5087803602218628
586,['O=C(c1cc[nH]c(=O)c1)N1CCN(c2cccc(C(F)(F)F)c2)CC1'],1.4331592321395874
587,['COC(=O)C1CCN(C(=O)CCC2CCCCC2)CC1'],1.4940192699432373
588,['Cc1csc(NC(=O)c2ccccc2)c1C(=O)CCl'],1.438757061958313
589,['O=C(Oc1ccc(Cl)cc1N1CCCC1=O)c1ccc(Cl)o1'],1.550032138824463
590,['O=C(O)c1ccc2ncsc2c1'],1.636208176612854
591,['N=c1n(CC(O)CN2CCCC2)nc(C2CC[NH2+]CC2)n1-c1ccc(Cl)c(Cl)c1'],15.030695915222168
592,['Cc1cc(COC(=O)CC2CSC(=O)N2Cc2ccccc2)on1'],13.601202964782715
593,['O=C(NN1C(=O)C(=Cc2ccccc2O)SC1=S)c1ccccc1O'],1.4469114542007446
594,['C=Cc1ccc(N=Cc2ccc(O)cc2)cc1'],1.7153987884521484
595,['N#Cc1nc(-c2ccccc2F)oc1N1CCCC1'],1.548846960067749
596,['CCS(=O)(=O)N1CCCC(C(=O)NCc2ccc3c(c2)OCO3)C1'],1.588365912437439
597,['COc1cc(C=CC(=O)OCC(=O)Nc2ccc(C)c(S(=O)(=O)N3CCCCC3)c2)ccc1O'],1.678390622138977
598,['O=C(NCC1CCCO1)C(Oc1ccc(C2=c3ccccc3=[NH+]C2)cc1Br)c1ccccc1'],1.4859716892242432
599,['CCCC(Cc1ccccc1)NC(=O)C(C)N(CC)C(=O)NC(=O)c1cc(S(C)(=O)=O)c(C)o1'],13.924731254577637
600,['CCC(C)c1ccc(N(C(=O)c2ccco2)C(C(=O)NC2CCCC2)c2cccnc2)cc1'],1.6615568399429321
601,['C=CCn1c(SCC(=O)C(C#N)=Cc2cccc(C)c2)nc2sc(C)cc2c1=O'],3.614716053009033
602,['O=C(O)CNC(=O)c1ccccc1Br'],1.4055379629135132
603,['COc1ccc(Nc2oc(COc3ccc(C)cc3)nc2C#N)cc1'],1.514487624168396
604,['CON=Cc1cc(C(=O)NCc2ccccc2)c(-c2ccco2)oc1=O'],1.588365912437439
605,['COc1ccc(C=C2C=CCC(C(O)C(F)(F)F)C2=O)cc1OC'],1.4797369241714478
606,['Cc1cccc(CN2CCN(C(=O)CCl)CC2)c1'],2.030489206314087
607,['CC(C)(C)C(=O)NNC(=O)c1ccccc1[N+](=O)[O-]'],1.5512574911117554
608,['O=C(Nc1cccc(NC(=O)c2ccc3c(c2)OCO3)c1)c1ccccc1'],1.548846960067749
609,['CCc1ccc(NC(=O)CC(C)=NNC(=O)COc2ccc(C)cc2Br)cc1'],1.5878875255584717
610,['O=C(COc1ccc(S(=O)(=O)N2CCCCC2)cc1)Nc1ccccc1F'],1.6814634799957275
611,['O=C(CCC(=O)[N+](=O)[O-])NCC(O)c1ccc2c(c1)CCCC2'],1.7429038286209106
612,['CC(NC(N)=O)C(=O)OCc1ccc(Cl)cc1Cl'],1.5147814750671387
613,['COc1ccc(N(C(=O)C(Cl)c2cccnc2)C(C)CNC2CC=CCC2)cc1'],1.597674012184143
614,['O=C(c1cccc(S(=O)(=O)N2CCCC2)c1)N1CCN(c2ccccc2F)CC1'],1.5415092706680298
615,['Cc1cc(C)c(C(O)c2ccccc2Cl)cc1NC(=S)NC(=S)NC(=O)c1ccccc1Cl'],1.4655994176864624
616,['O=C(NC(=S)NC1CCS(=O)(=O)C1)c1ccccc1Br'],1.4299559593200684
617,['Cc1ccc(NC(=O)Cn2sc(-c3ccccc3)c(Cl)c2=O)cc1'],1.5748099088668823
618,['Cc1cc(C)c(C#N)c(SCCN2CCCCC2)n1'],1.4271208047866821
619,['O=C(CCc1nc(-c2ccccc2)no1)Nc1cc(C(F)(F)F)ccc1Cl'],1.6936310529708862
620,['CCCNC1SC(=Nc2csc3ccccc23)N(c2cccc(Cl)c2)C1=O'],1.5460642576217651
621,['Cc1cc(NC(=O)COC(=O)C(Nc2ccc(C(F)(F)F)cc2Cl)C(C)C)no1'],1.9276667833328247
622,['CC(C)(C)SCCNC(=O)c1cccc([N+](=O)[O-])c1'],1.548846960067749
623,['c1csc(-c2cnc3ccccc3n2)c1'],1.6340922117233276
624,['COc1ccccc1OCCNC(=O)c1cc(=O)[nH]c2ccccc12'],1.6648558378219604
625,['CC(NC(=O)CCl)c1ccc(Cl)c(Cl)c1'],1.6932843923568726
626,['Cc1sc2cccc(C)c2c1C(=O)N(C#N)S(=O)(=O)c1cccc(C(F)(F)F)c1'],1.7049487829208374
627,['COc1ccc(C(=O)NC2CCN(CC(=O)NCc3ccccc3F)CC2)cc1'],1.5956560373306274
628,['O=C(NCCSCc1ccco1)Nc1ccccc1'],1.3409061431884766
629,['CC1(C)C2CC=C(C=NNC(=S)Nc3cccnc3)C1C2'],1.3823189735412598
630,['COc1cccc(NC(=O)Cc2ccccc2)c1'],1.3266834020614624
631,['O=C(O)c1ccc(CN(Cc2ccccc2)S(=O)(=O)c2ccc(Cl)cc2)cc1'],1.576431393623352
632,['CCN(CC)C(=O)CNc1cc(C)c(Br)cc1OC'],1.5013982057571411
633,['CC1=CC(=O)C(Nc2ccccc2O)=CC1=NS(=O)(=O)c1c(C)cc(C(=O)Nc2ccccc2)cc1C'],7.722288131713867
634,['Cc1c(N2CCN(C(=O)c3cc[nH]c(=O)c3)CC2C)ccc2c1N(c1ccccc1)CCO2'],1.6075019836425781
635,['COc1ccc(C2(C)NC(=O)N(CC(=O)NCc3ccco3)C2=O)cc1'],1.4169131517410278
636,['CC(=Cc1cccs1)CC(=O)Nc1ccc2[nH]c(=O)[nH]c2c1'],1.5202889442443848
637,['O=C(Oc1ccc2ccc(=O)oc2c1)c1cccs1'],14.492932319641113
638,['CCOC(=O)C(C)n1cnc2sc3c(c2c1=O)CCC3'],1.6675753593444824
639,['NC(=S)NN=Cc1ccc(C23CC4CC(CC(C4)C2)C3)cc1'],1.5956560373306274
640,['COC(=O)C=CC(=O)NC(=Cc1ccc(OC)cc1)NC(=O)CCCCc1ccccc1'],1.5048168897628784
641,['O=C(NCc1n[nH]c(=S)n1-c1ccc(Cl)cc1)c1ccc(Cl)s1'],1.5839052200317383
642,['CCOC1=C(CCC(=O)[O-])OC(C2CCCCC2)C(NC(C)=O)C1'],1.5990307331085205
643,['CN(Cc1cnccn1)Cc1ccccc1OCC(O)CN1CCc2ccccc2C1'],1.6015781164169312
644,['Cc1sc2c(c1C(=O)N1CCN(C(=O)c3ccccc3F)CC1)CN(C)C(N1CCOCC1)=N2'],1.2963838577270508
645,['Cc1ccc(NS(=O)(=O)c2cc(C(=O)N3CCOCC3)ccc2C)cc1'],1.823087215423584
646,['CC(=NNC(=O)c1ccccn1)c1ccc(O)cc1'],1.591077208518982
647,['CCOC(=O)c1cc(-c2ccccc2)sc1N'],1.6228845119476318
648,['CN(C)C1=CNCNC1'],1.8730827569961548
649,['O=C(NCc1ccccn1)c1cc2ccccc2oc1=O'],7.028899669647217
650,['COc1cc(OC)cc(C(=O)Nc2ccc(C(=O)c3ccncc3)cc2)c1'],1.5174767971038818
651,['Cc1ccc(NC(CNS(=O)(=O)c2ccc(Cl)cc2)c2ccccc2)cc1'],1.6089671850204468
652,['O=C(Oc1ccc2ccc(=O)oc2c1)c1cccs1'],1.5012847185134888
653,['O=C(COc1ccc2c3c(c(=O)oc2c1)CCCC3)NCc1ccc(N2CCCCC2)cc1'],1.4714860916137695
654,['ClCC1CN(Cc2ccccc2Cl)CCO1'],1.4930344820022583
655,['CCOC(=O)CS(=O)(=O)Cc1cccc(C(F)(F)F)c1'],1.341658353805542
656,['Cc1ccc(C(=O)NCCN2CCOCC2)cc1C'],1.4711679220199585
657,['COc1ccc(NC(=O)N2CCCC2)cc1OC'],1.4263538122177124
658,['Cc1cccc(CN2CCN(C(=O)CCl)CC2)c1'],1.5430922508239746
659,['CCOC(=O)c1sc(N)c(C(F)(F)F)c1C(O)(c1ccccc1)C(F)(F)F'],1.7233104705810547
660,['CCCCC(=O)NCc1ccc(F)cc1'],5.386471271514893
661,['O=S(=O)(Nc1ccc(-c2nnc(SCc3ccc(Cl)cc3)o2)cc1)c1ccccc1'],1.4769920110702515
662,['O=C(CNC(=O)N1CC2CNC(=O)C(C2)C1)Nc1ccc(Cl)cc1'],1.6002920866012573
663,['COc1ccc(C=C2Oc3cc(OC)c(O)cc3C2=O)c(OCC(=O)Nc2cccc3ccccc23)c1'],1.5839052200317383
664,['CCc1ccc(NC(=O)C2CCCN(S(=O)(=O)c3ccc4ccccc4c3)C2)cc1'],1.6648558378219604
665,['COc1ccc(N(CC(=O)NN=Cc2ccc(Oc3ccccc3)cc2)S(=O)(=O)c2ccco2)cc1'],1.601328730583191
666,['O=C(Cc1ccc(Cl)c(Cl)c1)Nc1cccnc1'],2.030489206314087
667,['CN(N=COC(C)(C)C)c1nc(N)nc(N2CCCC2)n1'],1.5053038597106934
668,['CC1(C)Cc2cccc(OCC(O)CNCc3ccccn3)c2O1'],1.550968050956726
669,['CN(C)S(=O)(=O)c1cc([N+](=O)[O-])ccc1N1CCCCCC1'],1.5628652572631836
670,['Cc1nc2sc3c(c2c(=O)[nH]1)CCC3'],1.403563380241394
671,['CN(C)S(=O)(=O)c1cccc(NC(=S)NN=Cc2cc(Br)ccc2O)c1'],1.471291184425354
672,['CCc1nnc(NS(=O)(=O)c2ccc(NC(=O)C=Cc3ccc(F)cc3)cc2)s1'],1.570809245109558
673,['CC(C)c1ccc(N(C(=O)c2ccco2)C(C(=O)NC2CCCC2)c2cccnc2)cc1'],1.6551097631454468
674,['O=C(O)c1cccc(NS(=O)(=O)c2ccc(C3CCCCC3)cc2)c1'],1.4423580169677734
675,['c1ccc(-c2nc(N3CCOCC3)nc3c2CCCC3)cc1'],2.0681753158569336
676,['O=C1ON=C(c2ccccc2)C1=Cc1ccc(-c2ccccc2[N+](=O)[O-])o1'],1.440320372581482
677,['O=S(=O)(c1ccccc1)c1cccc(NC(=S)N2CCN(C(F)F)CC2)c1'],1.5923854112625122
678,['CN1CCN(CC(=O)Nc2cccc([N+](=O)[O-])c2)CC1'],1.4639402627944946
679,['Cc1ccc(Nc2cnn(CC34CC5CC(C3)CC(C(N)=O)(C5)C4)c(=O)c2Cl)cc1'],1.409847378730774
680,['CCCCOc1ccc(CCC(=O)NN=Cc2ccco2)cc1'],15.176685333251953
681,['O=C(NNC(=O)c1ccc(Cl)o1)c1cccc(N2CCCC2)c1'],5.696439743041992
682,['NS(=O)(=O)c1ccc(NC(=O)Nc2ccc(C(F)(F)F)cc2)cc1'],1.5677151679992676
683,['Cc1noc(NS(=O)(=O)c2ccc(NC(=O)Nc3ccc(Cl)c(Cl)c3)cc2)c1C'],1.5494697093963623
684,['O=C(NNC(=O)N(CC(Cl)Cl)c1ccccc1)c1ccccc1'],3.779888391494751
685,['O=c1ncc(Cl)c(-c2ccccc2)[nH]1'],1.5236670970916748
686,['Cc1c([N+](=O)[O-])cc(C(=O)N2CCOCC2)cc1[N+](=O)[O-]'],1.4531453847885132
687,['COCCN1CC(C(=O)Nc2cccc(-c3cccnc3)c2)=CC1=O'],1.6386486291885376
688,['CC1(C)C2CC=C(C=NNC(=S)Nc3cccnc3)C1C2'],1.6145042181015015
689,['O=C(Nc1cccc(Br)c1)c1cc2c(c3ccccc13)OCO2'],1.3956178426742554
690,['CC(=O)Nc1cccc(OC(C)C)c1OC(=O)c1cccc2c1OCCCO2'],1.491599440574646
691,['CC(C)CS(=O)(=O)c1ccc2nc(C=C(O)c3ccc4c(c3)CCCC4)[nH]c(=N)c2c1'],1.5512574911117554
692,['COCCOC(=O)c1c(N)oc(C)c(C(=O)OC)c1=O'],1.4583338499069214
693,['COc1ccccc1-c1cc(C(=O)NCc2ccccc2)no1'],1.830897331237793
694,['N#CNC1CS(=O)(=O)CC1SCC(=O)[O-]'],1.471291184425354
695,['NC(=O)CN1C(=O)C(O)(CC(=O)c2ccccc2O)c2ccccc21'],1.56647527217865
696,['O=C(COc1ccc([N+](=O)[O-])cc1)NNC(=O)c1cccs1'],1.472953200340271
697,['Cc1ccc(C(=O)[O-])cc1NC(=O)NC(c1ccccc1)c1ccc2c(c1)OCO2'],1.5269447565078735
698,['CCC(=O)Nc1ccc(Cl)c(NC(=O)c2cccc(OC)c2)c1'],1.5209847688674927
699,['COc1ccc(NC(=O)CSc2nncc(=O)n2N)cc1OC'],1.5839052200317383
700,['CCCCNC(=O)N(O)C1SC(=O)N(N=Cc2ccc(C)cc2)C1N'],1.830897331237793
701,['Cc1cccc(-n2c(C=Cc3ccccn3)nc3ccccc3c2=O)c1'],1.6585644483566284
702,['O=C(NCc1ccccn1)c1cc2ccccc2oc1=O'],1.4072871208190918
703,['CC(=O)C1C(c2ccc([N+](=O)[O-])cc2)C2C(C)=NN=C2CC1(C)O'],1.6578269004821777
704,['NC(=O)C1CCN(C(=O)CCSCc2ccccc2)CC1'],1.4593048095703125
705,['CCOc1ccc(NC(=O)CSc2nccc(=O)n2-c2ccc(S(=O)(=O)N3CCCCC3)cc2)cc1'],1.5956560373306274
706,['C[NH+](Cc1ccc(O)c(OC2CCCCC2)c1)Cc1nc2sccc2c(=O)[nH]1'],1.6730749607086182
707,['CCN(CC)S(=O)(=O)c1cccc(NC(=O)COC(=O)c2cc(C)oc2C)c1'],1.9932763576507568
708,['CN(C(=S)NC(=O)Cc1ccccc1)c1ccccc1'],1.584086298942566
709,['OC(c1nnc(-c2ccccc2)o1)c1cccs1'],1.5321762561798096
710,['Cc1cc(COC(=O)CC2CSC(=O)N2Cc2ccccc2)on1'],1.4898773431777954
711,['O=C(C=Cc1ccc(Cl)c([N+](=O)[O-])c1)NCc1cccnc1'],1.7153987884521484
712,['O=C(CSc1nnc(-c2ccco2)o1)N1CCCCC1'],1.646863341331482
713,['CCOC(=O)N1CCN(C(=O)c2ccc(-n3c(C)cc(=O)[nH]c3=O)cc2)CC1'],1.5512574911117554
714,['CCOC(=O)N1CCN(C(=O)C2CCN(S(=O)(=O)c3cc(OC)ccc3OC)CC2)CC1'],1.4422062635421753
715,['CCOC(=O)C1CCCCN1Cc1cc(OC)ccc1OC'],1.7616283893585205
716,['COc1ccc(NC(=O)NCCC(O)c2cccc(C(F)(F)F)c2)cc1NC(=O)c1cc(F)c(F)cc1F'],1.438757061958313
717,['CC(=O)Nc1sc(-c2ccccc2)nc1-c1ccccc1'],1.458715558052063
718,['O=C([O-])c1cccc(-c2ccc(O)c(SCC(=O)N(c3ccccc3)C3(CO)CCCCCC3)c2)c1'],1.4263538122177124
719,['O=C1CC(N2CCN(c3ccc(Cl)c(Cl)c3)CC2)C(=O)N1'],1.4522720575332642
720,['CCOc1ccc(CCNC(=O)C2CC(=O)N(CCc3ccccc3)C2)cc1OC'],1.438757061958313
721,['COc1cc(C=C(C#N)c2nc3ccccc3c(=O)n2C)cc(OC)c1OC'],1.4940192699432373
722,['COc1ccc(OC)c(C(Cc2ccc(Br)cc2)C(=O)NC(C)C)c1'],1.4871124029159546
723,['Cn1c(NC(=O)c2ccc(Cl)cc2Cl)cc(=O)n(C)c1=O'],1.6675753593444824
724,['N#Cc1c(NC(=O)C(O)NC(=O)C(N)=O)ncc2c1-c1ccccc1OC2'],1.4671903848648071
